f0,f1,f2,f3,f4,f5,f6,f7,f8,f9,f10,f11,f12,f13,f14,f15,f16,f17,f18,f19,f20,f21,f22,f23,f24,f25,f26,f27,f28,f29,f30,f31,target
21.0,6202.57,347.0,68.0,308.0,5.102941176,57.95,0.367245324,0.410294399,3.456178239,0.155682957,0.0,0.0,0.0,0.0,0.0,0.0,0.0,0.0,0.0,0.0,0.0,0.0,1.0,0.0,0.0,0.0,0.0,0.0,0.0,0.0,1.0,1
19.0,665.8765,57.0,26.0,540.0,2.192307692,116.0765,-0.239091972,-0.06947528,1.344292586,0.273148218,0.0,0.0,0.0,0.0,0.0,0.0,0.0,1.0,0.0,0.0,0.0,0.0,0.0,0.0,0.0,0.0,0.0,0.0,0.0,0.0,1.0,0
20.0,843.221,306.0,105.0,679.0,2.914285714,-27.4005,0.00760946,-0.23189846,0.288349759,-0.048841587,0.0,0.0,0.0,0.0,0.0,0.0,0.0,0.0,0.0,0.0,0.0,1.0,0.0,0.0,0.0,0.0,0.0,0.0,0.0,0.0,1.0,0
38.0,355.1172,31.0,20.0,458.0,1.55,76.5577,-0.430970863,-0.061990478,0.640330701,0.040428191,0.0,0.0,0.0,0.0,0.0,0.0,0.0,0.0,0.0,0.0,0.0,1.0,0.0,0.0,0.0,0.0,0.0,0.0,0.0,0.0,1.0,0
26.0,13622.0703,613.0,76.0,733.0,8.065789474,1860.0303,0.5444135,0.04268775,1.168302115,-0.090772564,0.0,0.0,0.0,0.0,0.0,0.0,0.0,0.0,0.0,0.0,0.0,0.0,0.0,0.0,0.0,1.0,0.0,0.0,0.0,0.0,1.0,0
24.0,6322.35,172.0,21.0,285.0,8.19047619,383.46,1.449442271,0.659081349,-0.063631183,-0.524302583,0.0,0.0,0.0,1.0,0.0,0.0,0.0,0.0,0.0,0.0,0.0,0.0,0.0,0.0,0.0,0.0,0.0,0.0,0.0,0.0,1.0,0
53.0,6746.67,741.0,29.0,64.0,25.55172414,103.93,4.448235228,0.622075716,0.288349759,-0.275753347,0.0,0.0,0.0,0.0,0.0,0.0,0.0,0.0,0.0,0.0,0.0,0.0,0.0,0.0,0.0,1.0,0.0,0.0,0.0,0.0,1.0,0
39.0,1198.2252,867.0,53.0,629.0,16.35849057,384.5283,4.749759199,-0.024200834,0.816321172,-0.029431542,0.0,0.0,0.0,0.0,0.0,0.0,0.0,0.0,0.0,0.0,0.0,0.0,0.0,0.0,0.0,0.0,0.0,0.0,1.0,0.0,1.0,1
32.0,710.8569,21.0,16.0,255.0,1.3125,-9.3301,-0.558890124,0.620077469,0.640330701,-0.26105117,0.0,0.0,0.0,0.0,0.0,0.0,0.0,0.0,0.0,0.0,0.0,0.0,0.0,0.0,0.0,0.0,0.0,1.0,0.0,0.0,1.0,0
27.0,8645.84,329.0,67.0,571.0,4.910447761,305.5,0.336544702,-0.020884429,0.46434023,0.108584634,0.0,0.0,0.0,1.0,0.0,0.0,0.0,0.0,0.0,0.0,0.0,0.0,0.0,0.0,0.0,0.0,0.0,0.0,0.0,0.0,1.0,0
22.0,225.6902,79.0,32.0,257.0,2.46875,21.3687,-0.143152526,-0.066934438,-0.239621654,-0.036214221,0.0,0.0,0.0,0.0,0.0,0.0,0.0,0.0,0.0,0.0,0.0,0.0,0.0,0.0,0.0,0.0,0.0,0.0,1.0,0.0,1.0,0
62.0,87013.23,7454.0,422.0,600.0,17.66350711,6030.7,1.077594213,0.081975893,4.160140124,0.139831363,0.0,0.0,0.0,1.0,0.0,0.0,0.0,0.0,0.0,0.0,0.0,0.0,0.0,0.0,0.0,0.0,0.0,0.0,0.0,0.0,1.0,0
23.0,1195.5915,101.0,56.0,617.0,1.803571429,57.9936,-0.430970863,-0.182523737,-0.591602597,4.895046124,0.0,0.0,0.0,0.0,0.0,0.0,0.0,0.0,0.0,0.0,0.0,0.0,0.0,0.0,0.0,0.0,0.0,0.0,1.0,0.0,0.0,1
33.0,187.0,13.0,6.0,37.0,2.166666667,187.0,-0.430970863,-0.149526524,-0.239621654,0.923964141,0.0,0.0,0.0,0.0,1.0,0.0,0.0,0.0,0.0,0.0,0.0,0.0,0.0,0.0,0.0,0.0,0.0,0.0,0.0,0.0,1.0,1
39.0,14539.1803,1537.0,142.0,652.0,10.82394366,1683.4403,0.988932932,-0.16091157,0.816321172,0.304015693,0.0,0.0,0.0,1.0,0.0,0.0,0.0,0.0,0.0,0.0,0.0,0.0,0.0,0.0,0.0,0.0,0.0,0.0,0.0,0.0,1.0,1
29.0,34.7289,9.0,6.0,99.0,1.5,18.3641,-0.622849754,-0.266386812,-0.415612125,-0.443269122,0.0,0.0,0.0,0.0,0.0,0.0,0.0,0.0,0.0,0.0,0.0,0.0,0.0,0.0,0.0,0.0,0.0,0.0,1.0,0.0,1.0,0
30.0,387.4219,123.0,23.0,233.0,5.347826087,13.7955,0.631742996,-0.114874206,1.344292586,0.057926317,0.0,1.0,0.0,0.0,0.0,0.0,0.0,0.0,0.0,0.0,0.0,0.0,0.0,0.0,0.0,0.0,0.0,0.0,0.0,0.0,1.0,0
52.0,13644.83,866.0,219.0,438.0,3.9543379,1004.29,-0.143152526,-0.080140279,2.224244941,0.017823338,0.0,0.0,0.0,1.0,0.0,0.0,0.0,0.0,0.0,0.0,0.0,0.0,0.0,0.0,0.0,0.0,0.0,0.0,0.0,0.0,1.0,0
24.0,517.767,32.0,16.0,263.0,2.0,99.0168,-0.403559593,-0.104670463,1.520283057,0.09173979,0.0,0.0,0.0,0.0,0.0,0.0,0.0,0.0,0.0,0.0,0.0,0.0,0.0,0.0,0.0,0.0,0.0,0.0,1.0,0.0,1.0,0
25.0,67712.71,1187.0,156.0,392.0,7.608974359,-3558.29,0.14466581,1.664057789,2.04825447,0.342643457,0.0,0.0,0.0,0.0,1.0,0.0,0.0,0.0,0.0,0.0,0.0,0.0,0.0,0.0,0.0,0.0,0.0,0.0,0.0,0.0,1.0,0
27.0,240.9886,66.0,37.0,520.0,1.783783784,7.0486,-0.430970863,-0.203495769,-0.591602597,-4.586665877,0.0,0.0,0.0,1.0,0.0,0.0,0.0,0.0,0.0,0.0,0.0,0.0,0.0,0.0,0.0,0.0,0.0,0.0,0.0,0.0,1.0,0
53.0,93.34,53.0,22.0,419.0,2.409090909,14.99,-0.622849754,-0.243763805,-0.239621654,-0.218470117,0.0,0.0,0.0,1.0,0.0,0.0,0.0,0.0,0.0,0.0,0.0,0.0,0.0,0.0,0.0,0.0,0.0,0.0,0.0,0.0,1.0,1
36.0,1700.41,212.0,30.0,345.0,7.066666667,283.17,0.172077081,-0.005116389,0.288349759,-0.221002451,0.0,0.0,0.0,0.0,0.0,0.0,0.0,1.0,0.0,0.0,0.0,0.0,0.0,0.0,0.0,0.0,0.0,0.0,0.0,0.0,1.0,1
38.0,70.0,9.0,4.0,37.0,2.25,70.0,-0.367011233,-0.200198376,-0.415612125,-0.05320371,0.0,0.0,0.0,1.0,0.0,0.0,0.0,0.0,0.0,0.0,0.0,0.0,0.0,0.0,0.0,0.0,0.0,0.0,0.0,0.0,1.0,0
22.0,99.0253,16.0,9.0,338.0,1.777777778,-93.7396,-0.526910309,-0.227206161,-0.239621654,0.480326535,0.0,1.0,0.0,0.0,0.0,0.0,0.0,0.0,0.0,0.0,0.0,0.0,0.0,0.0,0.0,0.0,0.0,0.0,0.0,0.0,1.0,1
31.0,1815.5042,536.0,79.0,656.0,6.784810127,421.9129,1.040100636,-0.134107367,0.640330701,0.650571525,0.0,0.0,0.0,0.0,0.0,0.0,0.0,0.0,0.0,0.0,0.0,1.0,0.0,0.0,0.0,0.0,0.0,0.0,0.0,0.0,1.0,0
26.0,70.9613,64.0,12.0,678.0,5.333333333,-27.5787,1.391878603,-0.244735999,-0.591602597,-0.419589845,0.0,0.0,0.0,1.0,0.0,0.0,0.0,0.0,0.0,0.0,0.0,0.0,0.0,0.0,0.0,0.0,0.0,0.0,0.0,0.0,1.0,0
32.0,1694.53,274.0,71.0,537.0,3.85915493,56.95,-0.082100152,-0.254177359,0.992311644,-0.081300254,0.0,0.0,0.0,1.0,0.0,0.0,0.0,0.0,0.0,0.0,0.0,0.0,0.0,0.0,0.0,0.0,0.0,0.0,0.0,0.0,1.0,0
26.0,6820.8527,1231.0,286.0,704.0,4.304195804,-174.2196,0.236433976,-0.233679518,3.104197297,0.209885122,0.0,0.0,0.0,0.0,0.0,0.0,0.0,0.0,0.0,0.0,0.0,1.0,0.0,0.0,0.0,0.0,0.0,0.0,0.0,0.0,0.0,0
29.0,793.1,37.0,22.0,530.0,1.681818182,25.09,-0.175132342,-0.132749515,-0.415612125,-0.05320371,0.0,0.0,0.0,0.0,1.0,0.0,0.0,0.0,0.0,0.0,0.0,0.0,0.0,0.0,0.0,0.0,0.0,0.0,0.0,0.0,1.0,1
32.0,790.4401,379.0,70.0,206.0,5.414285714,102.4881,0.010350587,-0.223544669,0.816321172,0.083930071,0.0,0.0,0.0,0.0,0.0,0.0,0.0,0.0,0.0,0.0,0.0,0.0,0.0,0.0,0.0,0.0,0.0,0.0,1.0,0.0,1.0,1
42.0,12634.91,353.0,51.0,293.0,6.921568627,45.1,1.211992143,2.801611998,1.872263999,0.388963684,0.0,0.0,0.0,1.0,0.0,0.0,0.0,0.0,0.0,0.0,0.0,0.0,0.0,0.0,0.0,0.0,0.0,0.0,0.0,0.0,1.0,1
52.0,16275.09,553.0,71.0,714.0,7.788732394,306.92,0.14466581,0.734497965,0.112359288,0.613139315,0.0,0.0,0.0,1.0,0.0,0.0,0.0,0.0,0.0,0.0,0.0,0.0,0.0,0.0,0.0,0.0,0.0,0.0,0.0,0.0,0.0,0
20.0,81.0796,88.0,22.0,422.0,4.0,12.9205,0.379184455,-0.228149477,0.640330701,0.401736266,0.0,0.0,0.0,0.0,0.0,0.0,0.0,0.0,0.0,0.0,0.0,0.0,0.0,0.0,0.0,0.0,0.0,0.0,1.0,0.0,1.0,0
18.0,9.5,7.0,4.0,267.0,1.75,5.97,-0.526910309,-0.265356114,-0.591602597,-0.8630236,0.0,0.0,0.0,1.0,0.0,0.0,0.0,0.0,0.0,0.0,0.0,0.0,0.0,0.0,0.0,0.0,0.0,0.0,0.0,0.0,1.0,0
31.0,5643.229,54.0,10.0,575.0,5.4,32.619,0.14466581,0.588763565,-0.239621654,0.099581449,0.0,0.0,0.0,1.0,0.0,0.0,0.0,0.0,0.0,0.0,0.0,0.0,0.0,0.0,0.0,0.0,0.0,0.0,0.0,0.0,1.0,0
18.0,107.88,107.0,25.0,279.0,4.28,7.58,-0.430970863,-0.240602916,-0.239621654,0.359179204,0.0,0.0,0.0,1.0,0.0,0.0,0.0,0.0,0.0,0.0,0.0,0.0,0.0,0.0,0.0,0.0,0.0,0.0,0.0,0.0,1.0,1
32.0,411.05,140.0,52.0,573.0,2.692307692,49.96,-0.121012654,-0.212129212,1.344292586,0.247632996,0.0,0.0,0.0,0.0,0.0,0.0,0.0,0.0,0.0,0.0,0.0,0.0,0.0,0.0,0.0,1.0,0.0,0.0,0.0,0.0,1.0,1
18.0,26.72,44.0,19.0,188.0,2.315789474,7.44,-0.143152526,-0.256271299,0.46434023,-0.159961818,0.0,0.0,0.0,1.0,0.0,0.0,0.0,0.0,0.0,0.0,0.0,0.0,0.0,0.0,0.0,0.0,0.0,0.0,0.0,0.0,1.0,1
24.0,2717.81,247.0,27.0,492.0,9.148148148,375.8,1.219187601,0.022446033,0.816321172,-0.361249113,0.0,0.0,0.0,0.0,0.0,0.0,0.0,0.0,0.0,0.0,0.0,0.0,0.0,0.0,0.0,1.0,0.0,0.0,0.0,0.0,1.0,0
17.0,134.75,21.0,6.0,313.0,3.5,86.99,0.096696088,-0.228451494,-0.239621654,0.123946603,0.0,0.0,0.0,1.0,0.0,0.0,0.0,0.0,0.0,0.0,0.0,0.0,0.0,0.0,0.0,0.0,0.0,0.0,0.0,0.0,1.0,1
26.0,30.5,30.0,5.0,263.0,6.0,25.4,1.487818049,-0.176002282,-0.591602597,3.441126195,0.0,0.0,0.0,0.0,0.0,0.0,0.0,0.0,1.0,0.0,0.0,0.0,0.0,0.0,0.0,0.0,0.0,0.0,0.0,0.0,1.0,0
33.0,111.0,16.0,7.0,142.0,2.285714286,-11.31,-0.478940586,-0.216186126,-0.239621654,-0.767183956,0.0,0.0,0.0,1.0,0.0,0.0,0.0,0.0,0.0,0.0,0.0,0.0,0.0,0.0,0.0,0.0,0.0,0.0,0.0,0.0,1.0,0
24.0,59.14,62.0,22.0,435.0,2.818181818,14.31,0.14466581,-0.231956655,-0.415612125,-0.098137331,0.0,0.0,0.0,1.0,0.0,0.0,0.0,0.0,0.0,0.0,0.0,0.0,0.0,0.0,0.0,0.0,0.0,0.0,0.0,0.0,1.0,0
30.0,789.4754,122.0,37.0,107.0,3.297297297,167.7293,0.134005872,-0.135069187,2.224244941,0.26746918,0.0,0.0,0.0,0.0,0.0,0.0,0.0,0.0,0.0,0.0,0.0,1.0,0.0,0.0,0.0,0.0,0.0,0.0,0.0,0.0,0.0,1
27.0,627.093,36.0,11.0,267.0,3.272727273,-78.5064,-0.143152526,-0.071422258,0.816321172,0.212028197,0.0,0.0,0.0,0.0,0.0,0.0,0.0,0.0,0.0,0.0,0.0,0.0,0.0,0.0,0.0,0.0,0.0,0.0,1.0,0.0,1.0,0
42.0,61740.59,2198.0,178.0,363.0,12.34831461,4786.2,3.107275891,4.880265016,3.456178239,0.191787886,0.0,0.0,0.0,1.0,0.0,0.0,0.0,0.0,0.0,0.0,0.0,0.0,0.0,0.0,0.0,0.0,0.0,0.0,0.0,0.0,1.0,1
45.0,271.32,142.0,48.0,419.0,2.958333333,34.3,-0.478940586,-0.234399232,0.46434023,-0.167766415,0.0,0.0,0.0,1.0,0.0,0.0,0.0,0.0,0.0,0.0,0.0,0.0,0.0,0.0,0.0,0.0,0.0,0.0,0.0,0.0,1.0,0
31.0,5275.53,105.0,20.0,388.0,5.25,684.92,0.464463962,1.149269837,0.640330701,0.240395725,0.0,0.0,1.0,0.0,0.0,0.0,0.0,0.0,0.0,0.0,0.0,0.0,0.0,0.0,0.0,0.0,0.0,0.0,0.0,0.0,0.0,0
19.0,25.4707,16.0,8.0,455.0,2.0,13.9672,-0.335031418,-0.264943712,-0.591602597,-0.462477455,0.0,0.0,0.0,0.0,0.0,0.0,0.0,0.0,0.0,0.0,0.0,0.0,0.0,0.0,0.0,0.0,0.0,0.0,1.0,0.0,1.0,0
27.0,242.226,189.0,43.0,337.0,4.395348837,-32.0682,0.616983081,-0.222491942,1.344292586,0.104201366,0.0,0.0,0.0,0.0,0.0,0.0,0.0,0.0,0.0,0.0,0.0,0.0,0.0,0.0,0.0,0.0,0.0,0.0,1.0,0.0,0.0,0
31.0,20921.2582,797.0,173.0,669.0,4.606936416,4820.4882,0.394108369,0.087386005,2.576225884,0.042379474,0.0,0.0,0.0,0.0,0.0,0.0,0.0,1.0,0.0,0.0,0.0,0.0,0.0,0.0,0.0,0.0,0.0,0.0,0.0,0.0,1.0,0
19.0,91.83,27.0,10.0,430.0,2.7,72.92,-0.111172711,-0.238131289,0.112359288,-0.022135729,0.0,0.0,0.0,1.0,0.0,0.0,0.0,0.0,0.0,0.0,0.0,0.0,0.0,0.0,0.0,0.0,0.0,0.0,0.0,0.0,1.0,1
27.0,12580.1764,615.0,51.0,367.0,12.05882353,837.6664,1.634548966,2.809859347,2.04825447,0.235431795,0.0,0.0,1.0,0.0,0.0,0.0,0.0,0.0,0.0,0.0,0.0,0.0,0.0,0.0,0.0,0.0,0.0,0.0,0.0,0.0,1.0,0
35.0,14234.77,6912.0,200.0,711.0,34.56,1495.1,2.123416876,-0.119761173,1.872263999,-0.074183471,0.0,0.0,0.0,1.0,0.0,0.0,0.0,0.0,0.0,0.0,0.0,0.0,0.0,0.0,0.0,0.0,0.0,0.0,0.0,0.0,1.0,1
27.0,103.7,95.0,46.0,369.0,2.065217391,14.52,-0.38833111,-0.257491381,0.640330701,-0.026192337,0.0,0.0,0.0,1.0,0.0,0.0,0.0,0.0,0.0,0.0,0.0,0.0,0.0,0.0,0.0,0.0,0.0,0.0,0.0,0.0,1.0,1
21.0,77301.7961,3634.0,219.0,270.0,16.59360731,633.9437,1.589400991,1.060919981,2.04825447,0.45088213,0.0,0.0,0.0,0.0,0.0,0.0,0.0,0.0,0.0,0.0,0.0,0.0,0.0,0.0,0.0,0.0,0.0,0.0,1.0,0.0,1.0,0
23.0,54041.44,2938.0,202.0,660.0,14.54455446,5242.04,-0.348737053,-0.213972446,0.288349759,-0.082683214,0.0,0.0,0.0,0.0,0.0,0.0,0.0,0.0,0.0,0.0,0.0,0.0,0.0,0.0,0.0,1.0,0.0,0.0,0.0,0.0,1.0,1
41.0,44095.45,22053.0,673.0,750.0,32.76820208,8374.64,-0.223741661,-0.2427677,3.456178239,0.03838016,0.0,0.0,0.0,1.0,0.0,0.0,0.0,0.0,0.0,0.0,0.0,0.0,0.0,0.0,0.0,0.0,0.0,0.0,0.0,0.0,1.0,0
26.0,46.0018,47.0,23.0,371.0,2.043478261,14.8013,-0.494930494,-0.262742014,1.168302115,0.150671772,0.0,0.0,0.0,0.0,0.0,0.0,0.0,0.0,0.0,0.0,0.0,0.0,0.0,0.0,0.0,0.0,0.0,0.0,1.0,0.0,1.0,1
28.0,22618.9556,845.0,63.0,309.0,13.41269841,261.7456,1.391878603,2.028471316,-0.591602597,3.536337055,0.0,0.0,0.0,1.0,0.0,0.0,0.0,0.0,0.0,0.0,0.0,0.0,0.0,0.0,0.0,0.0,0.0,0.0,0.0,0.0,1.0,0
37.0,1151.03,289.0,49.0,673.0,5.897959184,105.57,-0.411782974,-0.218237044,0.816321172,0.199805245,0.0,0.0,0.0,1.0,0.0,0.0,0.0,0.0,0.0,0.0,0.0,0.0,0.0,0.0,0.0,0.0,0.0,0.0,0.0,0.0,0.0,0
22.0,1396.58,128.0,50.0,675.0,2.56,88.1,-0.16931783,-0.131652264,0.992311644,-0.134721988,0.0,0.0,0.0,1.0,0.0,0.0,0.0,0.0,0.0,0.0,0.0,0.0,0.0,0.0,0.0,0.0,0.0,0.0,0.0,0.0,1.0,0
24.0,45654.3684,1676.0,258.0,681.0,6.496124031,829.8784,-0.268611801,-0.164849915,1.344292586,0.33716664,0.0,0.0,0.0,1.0,0.0,0.0,0.0,0.0,0.0,0.0,0.0,0.0,0.0,0.0,0.0,0.0,0.0,0.0,0.0,0.0,1.0,1
24.0,17394.64,1622.0,174.0,697.0,9.32183908,792.6,0.195833515,2.488012655,1.696273528,0.581022937,0.0,0.0,0.0,1.0,0.0,0.0,0.0,0.0,0.0,0.0,0.0,0.0,0.0,0.0,0.0,0.0,0.0,0.0,0.0,0.0,1.0,1
35.0,73021.7,1638.0,151.0,479.0,10.84768212,3452.77,2.111424445,0.362513495,3.280187768,0.051459885,0.0,0.0,0.0,1.0,0.0,0.0,0.0,0.0,0.0,0.0,0.0,0.0,0.0,0.0,0.0,0.0,0.0,0.0,0.0,0.0,1.0,0
27.0,96.5,25.0,10.0,365.0,2.5,31.17,-0.239091972,-0.214340641,-0.239621654,-0.241801438,0.0,0.0,0.0,1.0,0.0,0.0,0.0,0.0,0.0,0.0,0.0,0.0,0.0,0.0,0.0,0.0,0.0,0.0,0.0,0.0,1.0,0
22.0,5644.17,617.0,53.0,366.0,11.64150943,299.4,0.624363038,-0.188196567,0.46434023,-0.407947935,0.0,0.0,0.0,1.0,0.0,0.0,0.0,0.0,0.0,0.0,0.0,0.0,0.0,0.0,0.0,0.0,0.0,0.0,0.0,0.0,1.0,0
40.0,1310.28,51.0,20.0,275.0,2.55,77.49,-0.143152526,-0.142282766,-0.239621654,0.763618762,0.0,0.0,0.0,0.0,0.0,0.0,0.0,0.0,0.0,0.0,0.0,0.0,0.0,0.0,0.0,1.0,0.0,0.0,0.0,0.0,1.0,0
20.0,1144.8657,72.0,26.0,461.0,2.769230769,102.0214,-0.335031418,0.094035196,0.112359288,0.450458288,0.0,0.0,0.0,0.0,0.0,0.0,0.0,0.0,0.0,0.0,0.0,0.0,0.0,0.0,0.0,0.0,0.0,0.0,1.0,0.0,1.0,0
25.0,44.82,14.0,6.0,165.0,2.333333333,6.22,-0.239091972,-0.239963482,-0.415612125,-1.910206632,0.0,0.0,0.0,1.0,0.0,0.0,0.0,0.0,0.0,0.0,0.0,0.0,0.0,0.0,0.0,0.0,0.0,0.0,0.0,0.0,1.0,0
36.0,635.88,163.0,40.0,525.0,4.075,31.85,-0.239091972,-0.255655911,0.46434023,-0.318025811,0.0,0.0,0.0,0.0,0.0,0.0,0.0,1.0,0.0,0.0,0.0,0.0,0.0,0.0,0.0,0.0,0.0,0.0,0.0,0.0,1.0,0
26.0,41700.1995,2114.0,86.0,623.0,24.58139535,-289.2602,3.518536314,2.170975781,1.168302115,0.121130099,0.0,0.0,0.0,0.0,0.0,0.0,0.0,0.0,0.0,0.0,0.0,0.0,0.0,0.0,0.0,0.0,0.0,0.0,1.0,0.0,1.0,0
33.0,7138.67,555.0,63.0,378.0,8.80952381,2028.02,0.67515451,0.130329683,2.04825447,0.208747981,0.0,0.0,0.0,0.0,1.0,0.0,0.0,0.0,0.0,0.0,0.0,0.0,0.0,0.0,0.0,0.0,0.0,0.0,0.0,0.0,1.0,0
33.0,132.0,13.0,4.0,132.0,3.25,9.0,-0.175132342,-0.163962806,-0.415612125,0.457807272,0.0,0.0,0.0,0.0,0.0,0.0,1.0,0.0,0.0,0.0,0.0,0.0,0.0,0.0,0.0,0.0,0.0,0.0,0.0,0.0,1.0,1
20.0,228.54,50.0,8.0,217.0,6.25,66.82,0.528423593,-0.090209468,0.288349759,0.216578906,0.0,0.0,0.0,1.0,0.0,0.0,0.0,0.0,0.0,0.0,0.0,0.0,0.0,0.0,0.0,0.0,0.0,0.0,0.0,0.0,1.0,0
42.0,87918.91,7595.0,267.0,698.0,28.44569288,7868.67,1.503807957,0.127382363,1.168302115,-0.247855067,0.0,0.0,0.0,1.0,0.0,0.0,0.0,0.0,0.0,0.0,0.0,0.0,0.0,0.0,0.0,0.0,0.0,0.0,0.0,0.0,1.0,0
50.0,54.24,14.0,6.0,293.0,2.333333333,6.4,-0.239091972,-0.241269864,-0.239621654,0.223570634,0.0,0.0,1.0,0.0,0.0,0.0,0.0,0.0,0.0,0.0,0.0,0.0,0.0,0.0,0.0,0.0,0.0,0.0,0.0,0.0,0.0,0
22.0,36.59,29.0,10.0,194.0,2.9,1.17,-0.111172711,-0.18433426,-0.415612125,-0.8630236,0.0,0.0,0.0,1.0,0.0,0.0,0.0,0.0,0.0,0.0,0.0,0.0,0.0,0.0,0.0,0.0,0.0,0.0,0.0,0.0,1.0,0
28.0,1297.97,272.0,82.0,690.0,3.317073171,-62.04,1.02730871,-0.133770298,-0.063631183,-0.297289496,0.0,0.0,0.0,1.0,0.0,0.0,0.0,0.0,0.0,0.0,0.0,0.0,0.0,0.0,0.0,0.0,0.0,0.0,0.0,0.0,1.0,0
24.0,161.57,64.0,5.0,57.0,12.8,0.28,2.111424445,-0.053161288,-0.239621654,0.103718488,0.0,0.0,0.0,1.0,0.0,0.0,0.0,0.0,0.0,0.0,0.0,0.0,0.0,0.0,0.0,0.0,0.0,0.0,0.0,0.0,1.0,1
28.0,3391.77,64.0,29.0,470.0,2.206896552,733.26,0.336544702,0.25931126,-0.591602597,-5.563797398,0.0,0.0,0.0,1.0,0.0,0.0,0.0,0.0,0.0,0.0,0.0,0.0,0.0,0.0,0.0,0.0,0.0,0.0,0.0,0.0,1.0,0
20.0,446.91,163.0,23.0,501.0,7.086956522,167.71,1.953809642,-0.03434562,0.288349759,-0.37996534,0.0,0.0,0.0,1.0,0.0,0.0,0.0,0.0,0.0,0.0,0.0,0.0,0.0,0.0,0.0,0.0,0.0,0.0,0.0,0.0,1.0,0
29.0,7501.7803,256.0,59.0,727.0,4.338983051,1237.1303,0.208625441,-0.062640933,0.112359288,0.162337425,0.0,0.0,0.0,0.0,1.0,0.0,0.0,0.0,0.0,0.0,0.0,0.0,0.0,0.0,0.0,0.0,0.0,0.0,0.0,0.0,1.0,0
47.0,1863.91,285.0,56.0,590.0,5.089285714,353.26,0.185782716,0.090134376,1.520283057,-0.000223023,0.0,0.0,0.0,1.0,0.0,0.0,0.0,0.0,0.0,0.0,0.0,0.0,0.0,0.0,0.0,0.0,0.0,0.0,0.0,0.0,1.0,0
39.0,21008.5943,2101.0,72.0,146.0,29.18055556,2134.8343,-0.38300114,0.373671555,-0.239621654,0.734341095,0.0,0.0,0.0,1.0,0.0,0.0,0.0,0.0,0.0,0.0,0.0,0.0,0.0,0.0,0.0,0.0,0.0,0.0,0.0,0.0,1.0,0
24.0,8779.7979,304.0,27.0,62.0,11.25925926,1245.6965,1.499105043,1.270487072,2.04825447,0.267962213,0.0,0.0,0.0,0.0,0.0,0.0,0.0,0.0,0.0,0.0,0.0,0.0,0.0,0.0,0.0,0.0,0.0,0.0,1.0,0.0,1.0,0
29.0,1639.67,128.0,12.0,320.0,10.66666667,116.79,-0.047213081,-0.116307643,0.288349759,0.086969438,0.0,0.0,0.0,0.0,0.0,0.0,0.0,0.0,0.0,0.0,0.0,0.0,0.0,0.0,0.0,1.0,0.0,0.0,0.0,0.0,1.0,0
43.0,936.1176,35.0,10.0,220.0,3.5,264.3576,-0.047213081,0.128675258,-0.415612125,0.658100013,0.0,0.0,0.0,1.0,0.0,0.0,0.0,0.0,0.0,0.0,0.0,0.0,0.0,0.0,0.0,0.0,0.0,0.0,0.0,0.0,1.0,1
33.0,654.0,50.0,14.0,198.0,3.571428571,254.75,-0.047213081,0.09501992,0.992311644,-0.217484941,0.0,0.0,0.0,0.0,0.0,0.0,0.0,0.0,0.0,0.0,0.0,0.0,0.0,0.0,0.0,1.0,0.0,0.0,0.0,0.0,1.0,0
28.0,68307.7494,1283.0,179.0,566.0,7.167597765,7042.7095,0.751003107,2.410129138,3.456178239,0.081171137,0.0,0.0,0.0,0.0,0.0,0.0,0.0,0.0,0.0,0.0,0.0,0.0,0.0,0.0,0.0,0.0,0.0,0.0,1.0,0.0,1.0,1
19.0,98.299,59.0,18.0,522.0,3.277777778,10.6832,-0.088329986,-0.226028146,1.520283057,-0.042600588,0.0,0.0,0.0,0.0,0.0,0.0,0.0,0.0,0.0,0.0,0.0,0.0,0.0,0.0,0.0,0.0,0.0,0.0,1.0,0.0,1.0,0
20.0,3152.3302,102.0,33.0,290.0,3.090909091,588.1402,-0.430970863,0.840688539,-0.063631183,-0.228460492,0.0,0.0,1.0,0.0,0.0,0.0,0.0,0.0,0.0,0.0,0.0,0.0,0.0,0.0,0.0,0.0,0.0,0.0,0.0,0.0,1.0,0
24.0,598.93,187.0,24.0,325.0,7.791666667,126.3,3.166758347,0.030028762,0.46434023,-0.274949772,0.0,0.0,0.0,1.0,0.0,0.0,0.0,0.0,0.0,0.0,0.0,0.0,0.0,0.0,0.0,0.0,0.0,0.0,0.0,0.0,1.0,1
33.0,61.5,50.0,5.0,179.0,10.0,13.92,1.487818049,-0.171297373,-0.239621654,0.738453256,0.0,0.0,1.0,0.0,0.0,0.0,0.0,0.0,0.0,0.0,0.0,0.0,0.0,0.0,0.0,0.0,0.0,0.0,0.0,0.0,1.0,0
28.0,4249.1,138.0,51.0,219.0,2.705882353,506.77,-0.38833111,0.139063883,0.640330701,0.28370215,0.0,0.0,0.0,0.0,1.0,0.0,0.0,0.0,0.0,0.0,0.0,0.0,0.0,0.0,0.0,0.0,0.0,0.0,0.0,0.0,1.0,1
39.0,668.56,768.0,56.0,58.0,13.71428571,87.81,1.454735481,-0.217873617,4.160140124,0.056323996,0.0,0.0,0.0,1.0,0.0,0.0,0.0,0.0,0.0,0.0,0.0,0.0,0.0,0.0,0.0,0.0,0.0,0.0,0.0,0.0,1.0,0
36.0,667.0,47.0,6.0,43.0,7.833333333,191.3,2.351273059,0.039363365,-0.591602597,0.589204421,0.0,0.0,0.0,0.0,0.0,0.0,0.0,0.0,0.0,0.0,0.0,0.0,0.0,0.0,0.0,1.0,0.0,0.0,0.0,0.0,1.0,1
19.0,10.1,7.0,5.0,632.0,1.4,-0.16,-0.558890124,-0.263905848,-0.415612125,0.10215541,0.0,0.0,0.0,1.0,0.0,0.0,0.0,0.0,0.0,0.0,0.0,0.0,0.0,0.0,0.0,0.0,0.0,0.0,0.0,0.0,1.0,0
27.0,5676.99,494.0,153.0,572.0,3.22875817,1143.63,-0.348737053,-0.239752657,0.288349759,0.072404507,0.0,0.0,0.0,1.0,0.0,0.0,0.0,0.0,0.0,0.0,0.0,0.0,0.0,0.0,0.0,0.0,0.0,0.0,0.0,0.0,1.0,0
18.0,19.0,8.0,4.0,368.0,2.0,-10.3,-0.367011233,-0.256423069,-0.415612125,0.491776423,0.0,0.0,0.0,1.0,0.0,0.0,0.0,0.0,0.0,0.0,0.0,0.0,0.0,0.0,0.0,0.0,0.0,0.0,0.0,0.0,1.0,0
38.0,171.06,87.0,20.0,397.0,4.35,24.98,0.01674655,-0.239701837,0.112359288,0.266024206,0.0,0.0,0.0,1.0,0.0,0.0,0.0,0.0,0.0,0.0,0.0,0.0,0.0,0.0,0.0,0.0,0.0,0.0,0.0,0.0,1.0,0
19.0,559.31,57.0,28.0,275.0,2.035714286,130.47,-0.526910309,-0.176002282,-0.591602597,-1.427617127,0.0,0.0,0.0,1.0,0.0,0.0,0.0,0.0,0.0,0.0,0.0,0.0,0.0,0.0,0.0,0.0,0.0,0.0,0.0,0.0,1.0,0
35.0,672.4,57.0,12.0,600.0,4.75,363.4,-0.622849754,-0.256191618,-0.591602597,-0.8630236,0.0,0.0,0.0,0.0,0.0,0.0,0.0,1.0,0.0,0.0,0.0,0.0,0.0,0.0,0.0,0.0,0.0,0.0,0.0,0.0,1.0,0
19.0,1409.23,107.0,9.0,401.0,11.88888889,112.45,1.263959343,0.492074156,0.112359288,-0.232121705,0.0,0.0,0.0,1.0,0.0,0.0,0.0,0.0,0.0,0.0,0.0,0.0,0.0,0.0,0.0,0.0,0.0,0.0,0.0,0.0,1.0,1
27.0,1710.52,338.0,98.0,608.0,3.448979592,310.71,-0.622849754,-0.244735999,-0.591602597,1.067334421,0.0,0.0,0.0,1.0,0.0,0.0,0.0,0.0,0.0,0.0,0.0,0.0,0.0,0.0,0.0,0.0,0.0,0.0,0.0,0.0,1.0,0
27.0,19195.88,1331.0,143.0,585.0,9.307692308,-1018.29,-0.156858161,0.092097205,0.288349759,0.391446298,0.0,0.0,0.0,1.0,0.0,0.0,0.0,0.0,0.0,0.0,0.0,0.0,0.0,0.0,0.0,0.0,0.0,0.0,0.0,0.0,0.0,0
19.0,170.94,141.0,32.0,732.0,4.40625,45.07,-0.494930494,-0.263905848,-0.415612125,-0.662730858,0.0,0.0,0.0,1.0,0.0,0.0,0.0,0.0,0.0,0.0,0.0,0.0,0.0,0.0,0.0,0.0,0.0,0.0,0.0,0.0,1.0,0
39.0,86459.25,3332.0,291.0,659.0,11.45017182,14909.73,-0.047213081,-0.054705267,2.04825447,0.208809162,0.0,0.0,0.0,1.0,0.0,0.0,0.0,0.0,0.0,0.0,0.0,0.0,0.0,0.0,0.0,0.0,0.0,0.0,0.0,0.0,1.0,0
39.0,12227.47,2465.0,164.0,486.0,15.0304878,2577.02,0.464463962,-0.101741883,1.696273528,0.017721888,0.0,0.0,0.0,1.0,0.0,0.0,0.0,0.0,0.0,0.0,0.0,0.0,0.0,0.0,0.0,0.0,0.0,0.0,0.0,0.0,1.0,1
28.0,4091.01,343.0,51.0,530.0,6.725490196,146.43,-0.622849754,-0.258482742,-0.591602597,-0.366368374,0.0,0.0,1.0,0.0,0.0,0.0,0.0,0.0,0.0,0.0,0.0,0.0,0.0,0.0,0.0,0.0,0.0,0.0,0.0,0.0,1.0,1
23.0,183.0,4.0,4.0,141.0,1.0,98.0,-0.622849754,-0.1366986,-0.415612125,-0.380434095,0.0,0.0,0.0,0.0,0.0,0.0,0.0,0.0,0.0,0.0,0.0,0.0,0.0,0.0,0.0,1.0,0.0,0.0,0.0,0.0,1.0,0
30.0,11.24,12.0,6.0,228.0,2.0,2.19,-0.430970863,-0.26121764,-0.063631183,0.078012924,0.0,0.0,0.0,1.0,0.0,0.0,0.0,0.0,0.0,0.0,0.0,0.0,0.0,0.0,0.0,0.0,0.0,0.0,0.0,0.0,0.0,1
20.0,185.0,34.0,9.0,414.0,3.777777778,132.5,0.14466581,-0.117203359,0.112359288,0.088900196,0.0,0.0,1.0,0.0,0.0,0.0,0.0,0.0,0.0,0.0,0.0,0.0,0.0,0.0,0.0,0.0,0.0,0.0,0.0,0.0,1.0,0
41.0,2868.56,76.0,16.0,330.0,4.75,730.7,0.528423593,1.684679915,0.46434023,0.47954314,0.0,0.0,0.0,0.0,1.0,0.0,0.0,0.0,0.0,0.0,0.0,0.0,0.0,0.0,0.0,0.0,0.0,0.0,0.0,0.0,1.0,0
24.0,1578.48,367.0,26.0,32.0,14.11538462,20.9,1.986703166,0.321815291,3.456178239,0.162140452,0.0,0.0,0.0,1.0,0.0,0.0,0.0,0.0,0.0,0.0,0.0,0.0,0.0,0.0,0.0,0.0,0.0,0.0,0.0,0.0,1.0,0
25.0,594.2864,180.0,29.0,514.0,6.206896552,135.3932,0.231883488,-0.199002265,0.992311644,0.210849692,0.0,0.0,0.0,0.0,0.0,0.0,0.0,0.0,0.0,0.0,0.0,0.0,0.0,0.0,0.0,0.0,0.0,0.0,1.0,0.0,1.0,0
35.0,49965.4,498.0,42.0,243.0,11.85714286,2552.58,0.451672036,2.049265333,-0.063631183,0.14000872,0.0,0.0,0.0,1.0,0.0,0.0,0.0,0.0,0.0,0.0,0.0,0.0,0.0,0.0,0.0,0.0,0.0,0.0,0.0,0.0,0.0,0
32.0,1398.32,498.0,82.0,577.0,6.073170732,58.82,-0.029769545,-0.197566667,0.992311644,0.293146579,0.0,0.0,0.0,0.0,0.0,0.0,0.0,0.0,0.0,0.0,0.0,0.0,0.0,1.0,0.0,0.0,0.0,0.0,0.0,0.0,1.0,0
46.0,2377.11,429.0,141.0,426.0,3.042553191,373.67,-0.18579228,-0.232498459,2.224244941,0.04198601,0.0,0.0,0.0,1.0,0.0,0.0,0.0,0.0,0.0,0.0,0.0,0.0,0.0,0.0,0.0,0.0,0.0,0.0,0.0,0.0,0.0,0
55.0,19055.03,4154.0,363.0,574.0,11.44352617,1687.0,0.680327715,-0.185624093,3.280187768,0.093204642,0.0,0.0,0.0,1.0,0.0,0.0,0.0,0.0,0.0,0.0,0.0,0.0,0.0,0.0,0.0,0.0,0.0,0.0,0.0,0.0,0.0,0
27.0,73.41,23.0,9.0,461.0,2.555555556,-10.23,-0.430970863,-0.140948086,-0.591602597,3.648444929,0.0,0.0,0.0,0.0,0.0,0.0,0.0,0.0,0.0,0.0,0.0,0.0,0.0,0.0,0.0,1.0,0.0,0.0,0.0,0.0,1.0,1
42.0,735.1,218.0,58.0,371.0,3.75862069,116.07,0.17418564,-0.191124729,1.344292586,0.147929832,0.0,0.0,0.0,0.0,0.0,0.0,0.0,1.0,0.0,0.0,0.0,0.0,0.0,0.0,0.0,0.0,0.0,0.0,0.0,0.0,1.0,0
18.0,1060.06,424.0,75.0,396.0,5.653333333,3.89,0.077925327,-0.127070541,3.104197297,-0.00733463,0.0,0.0,0.0,1.0,0.0,0.0,0.0,0.0,0.0,0.0,0.0,0.0,0.0,0.0,0.0,0.0,0.0,0.0,0.0,0.0,0.0,0
20.0,396.3,61.0,16.0,594.0,3.8125,-9.1,-0.398991048,-0.205570328,0.112359288,0.59599634,0.0,0.0,0.0,1.0,0.0,0.0,0.0,0.0,0.0,0.0,0.0,0.0,0.0,0.0,0.0,0.0,0.0,0.0,0.0,0.0,1.0,0
21.0,58.54,17.0,10.0,201.0,1.7,14.73,-0.335031418,-0.265722694,-0.591602597,0.445897941,0.0,0.0,0.0,1.0,0.0,0.0,0.0,0.0,0.0,0.0,0.0,0.0,0.0,0.0,0.0,0.0,0.0,0.0,0.0,0.0,1.0,0
18.0,42321.2241,1747.0,226.0,671.0,7.730088496,2356.7341,0.369914944,0.044467694,3.104197297,0.178162717,0.0,0.0,0.0,1.0,0.0,0.0,0.0,0.0,0.0,0.0,0.0,0.0,0.0,0.0,0.0,0.0,0.0,0.0,0.0,0.0,1.0,0
19.0,750.2,200.0,14.0,732.0,14.28571429,129.74,3.726405113,0.004935532,-0.415612125,0.800683922,0.0,0.0,0.0,1.0,0.0,0.0,0.0,0.0,0.0,0.0,0.0,0.0,0.0,0.0,0.0,0.0,0.0,0.0,0.0,0.0,1.0,0
22.0,729.58,66.0,14.0,323.0,4.714285714,59.58,0.208625441,0.501542806,-0.415612125,2.251058414,0.0,0.0,0.0,1.0,0.0,0.0,0.0,0.0,0.0,0.0,0.0,0.0,0.0,0.0,0.0,0.0,0.0,0.0,0.0,0.0,1.0,0
33.0,322.73,60.0,18.0,50.0,3.333333333,135.88,-0.032453166,-0.174144747,1.344292586,0.137662646,0.0,0.0,0.0,1.0,0.0,0.0,0.0,0.0,0.0,0.0,0.0,0.0,0.0,0.0,0.0,0.0,0.0,0.0,0.0,0.0,1.0,1
22.0,3986.8301,1083.0,234.0,712.0,4.628205128,600.4598,0.45773137,-0.172295963,2.400235412,0.061020969,0.0,0.0,0.0,0.0,0.0,0.0,0.0,0.0,0.0,0.0,0.0,0.0,0.0,0.0,0.0,0.0,0.0,0.0,1.0,0.0,1.0,0
27.0,6392.62,225.0,57.0,615.0,3.947368421,380.03,-0.281731726,-0.109267601,0.640330701,0.17517956,0.0,0.0,0.0,0.0,0.0,0.0,0.0,0.0,0.0,0.0,0.0,0.0,0.0,0.0,0.0,1.0,0.0,0.0,0.0,0.0,0.0,0
21.0,6436.7388,183.0,77.0,548.0,2.376623377,351.0188,-0.418978432,0.118736108,1.872263999,-0.020695081,0.0,0.0,0.0,0.0,1.0,0.0,0.0,0.0,0.0,0.0,0.0,0.0,0.0,0.0,0.0,0.0,0.0,0.0,0.0,0.0,1.0,0
27.0,190.26,65.0,17.0,218.0,3.823529412,61.46,0.272585071,-0.127336725,0.640330701,-0.063272618,0.0,0.0,1.0,0.0,0.0,0.0,0.0,0.0,0.0,0.0,0.0,0.0,0.0,0.0,0.0,0.0,0.0,0.0,0.0,0.0,1.0,1
50.0,69.7951,27.0,13.0,214.0,2.076923077,-19.3306,-0.367011233,-0.242510898,-0.415612125,1.349484394,0.0,1.0,0.0,0.0,0.0,0.0,0.0,0.0,0.0,0.0,0.0,0.0,0.0,0.0,0.0,0.0,0.0,0.0,0.0,0.0,1.0,0
29.0,115372.1412,2059.0,241.0,567.0,8.543568465,22160.4712,1.139593395,-0.052526608,3.808159181,0.147466342,0.0,0.0,0.0,1.0,0.0,0.0,0.0,0.0,0.0,0.0,0.0,0.0,0.0,0.0,0.0,0.0,0.0,0.0,0.0,0.0,1.0,1
19.0,10793.3852,523.0,62.0,667.0,8.435483871,1340.7052,1.249888224,0.119960771,3.456178239,0.135396491,0.0,0.0,0.0,1.0,0.0,0.0,0.0,0.0,0.0,0.0,0.0,0.0,0.0,0.0,0.0,0.0,0.0,0.0,0.0,0.0,1.0,0
24.0,32035.46,673.0,66.0,526.0,10.1969697,2485.44,3.424050497,3.361813154,0.992311644,0.440910351,0.0,0.0,0.0,0.0,1.0,0.0,0.0,0.0,0.0,0.0,0.0,0.0,0.0,0.0,0.0,0.0,0.0,0.0,0.0,0.0,1.0,1
33.0,321.56,201.0,14.0,62.0,14.35714286,41.24,0.528423593,-0.178313699,-0.063631183,-0.338490923,0.0,0.0,0.0,1.0,0.0,0.0,0.0,0.0,0.0,0.0,0.0,0.0,0.0,0.0,0.0,0.0,0.0,0.0,0.0,0.0,0.0,0
25.0,868.2457,224.0,18.0,305.0,12.44444444,29.9063,3.022849179,0.473184304,0.640330701,-0.359469822,0.0,0.0,0.0,0.0,0.0,0.0,0.0,0.0,0.0,0.0,0.0,0.0,0.0,0.0,0.0,0.0,0.0,1.0,0.0,0.0,1.0,1
26.0,11.26,7.0,4.0,201.0,1.75,5.5,-0.622849754,-0.260773866,-0.591602597,-1.17374184,0.0,0.0,0.0,1.0,0.0,0.0,0.0,0.0,0.0,0.0,0.0,0.0,0.0,0.0,0.0,0.0,0.0,0.0,0.0,0.0,1.0,1
24.0,2623.45,73.0,27.0,330.0,2.703703704,-265.44,-0.430970863,-0.001767386,-0.239621654,-0.025949087,0.0,0.0,0.0,0.0,1.0,0.0,0.0,0.0,0.0,0.0,0.0,0.0,0.0,0.0,0.0,0.0,0.0,0.0,0.0,0.0,1.0,0
26.0,6726.2178,815.0,209.0,698.0,3.899521531,227.7168,-0.085588859,-0.1008633,0.816321172,0.213194387,0.0,0.0,0.0,0.0,0.0,0.0,0.0,0.0,0.0,0.0,0.0,1.0,0.0,0.0,0.0,0.0,0.0,0.0,0.0,0.0,1.0,0
20.0,14951.13,780.0,224.0,640.0,3.482142857,1463.57,0.81624193,-0.041870837,4.336130595,0.167734601,0.0,0.0,0.0,1.0,0.0,0.0,0.0,0.0,0.0,0.0,0.0,0.0,0.0,0.0,0.0,0.0,0.0,0.0,0.0,0.0,1.0,0
49.0,1383.49,132.0,50.0,312.0,2.64,39.37,-0.335031418,-0.248593754,-0.239621654,0.495205224,0.0,0.0,0.0,1.0,0.0,0.0,0.0,0.0,0.0,0.0,0.0,0.0,0.0,0.0,0.0,0.0,0.0,0.0,0.0,0.0,1.0,1
34.0,502.29,69.0,28.0,310.0,2.464285714,-24.87,-0.197975067,-0.08427837,1.520283057,-0.132130478,0.0,0.0,1.0,0.0,0.0,0.0,0.0,0.0,0.0,0.0,0.0,0.0,0.0,0.0,0.0,0.0,0.0,0.0,0.0,0.0,1.0,0
20.0,3175.8703,294.0,43.0,163.0,6.837209302,244.4889,1.168019897,0.61272605,1.168302115,0.086240995,0.0,0.0,0.0,0.0,0.0,0.0,0.0,0.0,0.0,0.0,0.0,0.0,0.0,0.0,0.0,0.0,0.0,0.0,1.0,0.0,1.0,1
20.0,332.35,80.0,12.0,216.0,6.666666667,-20.93,0.768272207,-0.172733218,-0.239621654,-0.074249008,0.0,0.0,0.0,1.0,0.0,0.0,0.0,0.0,0.0,0.0,0.0,0.0,0.0,0.0,0.0,0.0,0.0,0.0,0.0,0.0,1.0,0
24.0,23575.7773,1756.0,54.0,143.0,32.51851852,2312.2112,3.527793629,0.585612567,2.400235412,0.121269944,0.0,0.0,0.0,0.0,0.0,0.0,0.0,0.0,0.0,0.0,0.0,0.0,0.0,0.0,0.0,0.0,0.0,1.0,0.0,0.0,1.0,0
25.0,202.9569,39.0,11.0,66.0,3.545454545,69.3342,-0.287061695,-0.178677366,-0.239621654,1.770911627,0.0,0.0,0.0,0.0,0.0,0.0,0.0,0.0,0.0,0.0,0.0,0.0,0.0,0.0,0.0,0.0,0.0,0.0,1.0,0.0,1.0,1
21.0,589.8523,268.0,66.0,480.0,4.060606061,94.6762,-0.584473976,-0.24733516,-0.063631183,-0.232722809,0.0,0.0,0.0,0.0,0.0,0.0,0.0,0.0,0.0,0.0,0.0,1.0,0.0,0.0,0.0,0.0,0.0,0.0,0.0,0.0,1.0,0
27.0,83.99,19.0,4.0,351.0,4.75,38.32,-0.111172711,-0.110178156,-0.415612125,-1.414047832,0.0,0.0,0.0,1.0,0.0,0.0,0.0,0.0,0.0,0.0,0.0,0.0,0.0,0.0,0.0,0.0,0.0,0.0,0.0,0.0,1.0,1
25.0,23277.7664,1943.0,295.0,749.0,6.586440678,1290.8964,-0.312891545,0.218005661,1.344292586,0.157772093,0.0,0.0,1.0,0.0,0.0,0.0,0.0,0.0,0.0,0.0,0.0,0.0,0.0,0.0,0.0,0.0,0.0,0.0,0.0,0.0,1.0,0
18.0,848.1892,14.0,5.0,255.0,2.8,-12.8044,0.048726365,-0.225248157,-0.591602597,0.14973636,0.0,1.0,0.0,0.0,0.0,0.0,0.0,0.0,0.0,0.0,0.0,0.0,0.0,0.0,0.0,0.0,0.0,0.0,0.0,0.0,1.0,0
29.0,463.62,78.0,16.0,600.0,4.875,101.07,0.14466581,-0.250463809,-0.591602597,-0.306319379,0.0,0.0,0.0,1.0,0.0,0.0,0.0,0.0,0.0,0.0,0.0,0.0,0.0,0.0,0.0,0.0,0.0,0.0,0.0,0.0,1.0,0
33.0,35.5259,25.0,9.0,177.0,2.777777778,10.4996,-0.184269432,-0.242395647,0.288349759,-0.440765452,0.0,0.0,0.0,0.0,0.0,0.0,0.0,0.0,0.0,0.0,0.0,0.0,0.0,0.0,0.0,0.0,0.0,0.0,1.0,0.0,1.0,1
23.0,150.97,93.0,49.0,319.0,1.897959184,13.31,-0.143152526,-0.14652446,1.520283057,-0.074943694,0.0,0.0,0.0,1.0,0.0,0.0,0.0,0.0,0.0,0.0,0.0,0.0,0.0,0.0,0.0,0.0,0.0,0.0,0.0,0.0,1.0,1
27.0,39651.862,1994.0,130.0,484.0,15.33846154,1469.772,0.108688518,-0.180796409,1.872263999,0.191987597,0.0,0.0,0.0,0.0,0.0,0.0,1.0,0.0,0.0,0.0,0.0,0.0,0.0,0.0,0.0,0.0,0.0,0.0,0.0,0.0,1.0,0
27.0,73.5963,7.0,6.0,229.0,1.166666667,-35.8766,-0.526910309,-0.16634886,-0.591602597,-2.199149038,0.0,1.0,0.0,0.0,0.0,0.0,0.0,0.0,0.0,0.0,0.0,0.0,0.0,0.0,0.0,0.0,0.0,0.0,0.0,0.0,1.0,1
42.0,1010.29,1661.0,170.0,511.0,9.770588235,345.79,2.659649849,-0.207207947,3.984149653,-0.000799688,0.0,0.0,0.0,0.0,0.0,0.0,1.0,0.0,0.0,0.0,0.0,0.0,0.0,0.0,0.0,0.0,0.0,0.0,0.0,0.0,1.0,1
34.0,1219.2,133.0,25.0,366.0,5.32,-50.33,-0.239091972,-0.160068344,0.46434023,0.247804667,0.0,0.0,0.0,0.0,0.0,0.0,0.0,0.0,0.0,0.0,0.0,0.0,0.0,0.0,0.0,0.0,0.0,1.0,0.0,0.0,1.0,1
23.0,61.0,66.0,15.0,56.0,4.4,11.88,-0.526910309,-0.263252953,0.46434023,-0.004955653,0.0,0.0,1.0,0.0,0.0,0.0,0.0,0.0,0.0,0.0,0.0,0.0,0.0,0.0,0.0,0.0,0.0,0.0,0.0,0.0,1.0,0
29.0,10256.4283,553.0,144.0,709.0,3.840277778,401.9283,-0.335031418,-0.225953399,-0.239621654,-1.014937273,0.0,0.0,0.0,0.0,0.0,0.0,0.0,0.0,0.0,0.0,0.0,0.0,0.0,0.0,0.0,1.0,0.0,0.0,0.0,0.0,1.0,0
39.0,557.1057,311.0,44.0,435.0,7.068181818,46.9819,0.516431162,-0.172853766,1.872263999,0.323636064,0.0,0.0,0.0,0.0,0.0,0.0,0.0,0.0,0.0,0.0,0.0,0.0,0.0,0.0,0.0,0.0,0.0,0.0,1.0,0.0,1.0,0
20.0,18206.4227,1651.0,173.0,728.0,9.543352601,972.9615,0.31255984,-0.078321406,0.46434023,0.822904926,0.0,0.0,0.0,0.0,0.0,0.0,0.0,0.0,0.0,0.0,0.0,1.0,0.0,0.0,0.0,0.0,0.0,0.0,0.0,0.0,1.0,0
32.0,204.81,72.0,30.0,451.0,2.4,105.94,-0.478940586,-0.255515511,-0.239621654,0.016539882,0.0,0.0,1.0,0.0,0.0,0.0,0.0,0.0,0.0,0.0,0.0,0.0,0.0,0.0,0.0,0.0,0.0,0.0,0.0,0.0,1.0,0
39.0,1201.46,303.0,29.0,524.0,10.44827586,518.52,-0.25508188,0.001956376,1.168302115,0.365955824,0.0,0.0,0.0,1.0,0.0,0.0,0.0,0.0,0.0,0.0,0.0,0.0,0.0,0.0,0.0,0.0,0.0,0.0,0.0,0.0,0.0,0
37.0,28.8,41.0,17.0,426.0,2.411764706,9.1,-0.622849754,-0.267143191,-0.591602597,0.379047073,0.0,0.0,0.0,1.0,0.0,0.0,0.0,0.0,0.0,0.0,0.0,0.0,0.0,0.0,0.0,0.0,0.0,0.0,0.0,0.0,0.0,0
30.0,19.64,12.0,6.0,381.0,2.0,2.68,-0.494930494,-0.256423069,-0.415612125,0.10215541,0.0,0.0,0.0,1.0,0.0,0.0,0.0,0.0,0.0,0.0,0.0,0.0,0.0,0.0,0.0,0.0,0.0,0.0,0.0,0.0,1.0,0
29.0,174.85,41.0,11.0,480.0,3.727272727,27.33,0.024741503,-0.208211747,0.46434023,-0.286667166,0.0,0.0,0.0,0.0,1.0,0.0,0.0,0.0,0.0,0.0,0.0,0.0,0.0,0.0,0.0,0.0,0.0,0.0,0.0,0.0,1.0,0
23.0,9930.37,558.0,51.0,683.0,10.94117647,1131.17,-0.526910309,-0.265356114,-0.591602597,-0.8630236,0.0,0.0,0.0,1.0,0.0,0.0,0.0,0.0,0.0,0.0,0.0,0.0,0.0,0.0,0.0,0.0,0.0,0.0,0.0,0.0,1.0,1
25.0,3990.58,432.0,61.0,682.0,7.081967213,4.09,1.487818049,0.493095113,0.46434023,0.727114957,0.0,0.0,0.0,1.0,0.0,0.0,0.0,0.0,0.0,0.0,0.0,0.0,0.0,0.0,0.0,0.0,0.0,0.0,0.0,0.0,1.0,0
28.0,1397.76,204.0,14.0,258.0,14.57142857,78.3,2.803559017,0.24705579,0.288349759,-0.200793853,0.0,0.0,0.0,1.0,0.0,0.0,0.0,0.0,0.0,0.0,0.0,0.0,0.0,0.0,0.0,0.0,0.0,0.0,0.0,0.0,1.0,0
40.0,47673.2,6510.0,192.0,313.0,33.90625,5977.23,2.891563621,0.194126062,2.400235412,0.255855421,0.0,0.0,0.0,1.0,0.0,0.0,0.0,0.0,0.0,0.0,0.0,0.0,0.0,0.0,0.0,0.0,0.0,0.0,0.0,0.0,1.0,1
24.0,127.24,178.0,36.0,650.0,4.944444444,20.13,-0.38833111,-0.262937977,0.640330701,0.081082324,0.0,0.0,0.0,1.0,0.0,0.0,0.0,0.0,0.0,0.0,0.0,0.0,0.0,0.0,0.0,0.0,0.0,0.0,0.0,0.0,0.0,0
26.0,20248.8001,1008.0,81.0,311.0,12.44444444,1336.2001,1.018780759,-0.144650206,0.640330701,0.217651199,0.0,0.0,0.0,1.0,0.0,0.0,0.0,0.0,0.0,0.0,0.0,0.0,0.0,0.0,0.0,0.0,0.0,0.0,0.0,0.0,1.0,1
23.0,2009.7,107.0,47.0,526.0,2.276595745,166.66,-0.546098198,-0.25919799,-0.063631183,-0.040105334,0.0,0.0,0.0,1.0,0.0,0.0,0.0,0.0,0.0,0.0,0.0,0.0,0.0,0.0,0.0,0.0,0.0,0.0,0.0,0.0,1.0,0
26.0,331.7651,132.0,45.0,273.0,2.933333333,59.3351,-0.622849754,-0.267347927,-0.415612125,0.044102676,1.0,0.0,0.0,0.0,0.0,0.0,0.0,0.0,0.0,0.0,0.0,0.0,0.0,0.0,0.0,0.0,0.0,0.0,0.0,0.0,1.0,1
25.0,1409.0,128.0,13.0,76.0,9.846153846,117.46,1.711676755,0.64936483,0.112359288,-0.070114825,0.0,0.0,0.0,0.0,0.0,0.0,0.0,0.0,0.0,0.0,0.0,0.0,0.0,0.0,1.0,0.0,0.0,0.0,0.0,0.0,1.0,0
33.0,501.76,198.0,31.0,408.0,6.387096774,77.88,1.21598962,-0.144234264,1.168302115,-0.108010215,0.0,0.0,0.0,1.0,0.0,0.0,0.0,0.0,0.0,0.0,0.0,0.0,0.0,0.0,0.0,0.0,0.0,0.0,0.0,0.0,1.0,0
18.0,5340.31,1575.0,91.0,197.0,17.30769231,309.84,4.216762279,-0.101604078,2.224244941,0.233831064,0.0,0.0,0.0,1.0,0.0,0.0,0.0,0.0,0.0,0.0,0.0,0.0,0.0,0.0,0.0,0.0,0.0,0.0,0.0,0.0,1.0,1
18.0,3618.93,425.0,30.0,80.0,14.16666667,424.49,2.994067345,1.526654498,2.576225884,-0.046872833,0.0,0.0,0.0,0.0,0.0,0.0,0.0,1.0,0.0,0.0,0.0,0.0,0.0,0.0,0.0,0.0,0.0,0.0,0.0,0.0,1.0,0
21.0,98.3679,93.0,7.0,317.0,13.28571429,20.8838,-0.111172711,-0.250252517,-0.415612125,1.371080955,0.0,0.0,0.0,0.0,0.0,0.0,0.0,0.0,0.0,0.0,0.0,1.0,0.0,0.0,0.0,0.0,0.0,0.0,0.0,0.0,1.0,1
31.0,148.48,11.0,6.0,425.0,1.833333333,95.03,-0.430970863,-0.22515322,-0.415612125,0.632779787,0.0,0.0,0.0,0.0,1.0,0.0,0.0,0.0,0.0,0.0,0.0,0.0,0.0,0.0,0.0,0.0,0.0,0.0,0.0,0.0,1.0,0
36.0,8107.12,249.0,52.0,547.0,4.788461538,1692.35,0.04415782,0.252458846,2.752216355,0.109570553,0.0,0.0,0.0,1.0,0.0,0.0,0.0,0.0,0.0,0.0,0.0,0.0,0.0,0.0,0.0,0.0,0.0,0.0,0.0,0.0,0.0,0
21.0,5900.56,375.0,42.0,55.0,8.928571429,-238.95,1.59746313,1.694045548,2.752216355,-0.056960586,0.0,0.0,0.0,0.0,0.0,0.0,0.0,0.0,0.0,0.0,0.0,0.0,0.0,0.0,0.0,0.0,0.0,0.0,0.0,1.0,1.0,0
21.0,150898.4008,2476.0,420.0,738.0,5.895238095,6778.6008,1.688418708,0.343213538,2.928206826,0.053694012,0.0,0.0,0.0,1.0,0.0,0.0,0.0,0.0,0.0,0.0,0.0,0.0,0.0,0.0,0.0,0.0,0.0,0.0,0.0,0.0,1.0,0
31.0,69.9144,15.0,6.0,338.0,2.5,22.018,-0.191122249,-0.09064754,-0.239621654,-0.551552081,0.0,0.0,0.0,0.0,0.0,0.0,0.0,0.0,0.0,0.0,0.0,1.0,0.0,0.0,0.0,0.0,0.0,0.0,0.0,0.0,1.0,0
60.0,59037.5899,878.0,54.0,563.0,16.25925926,13.3599,2.679486952,7.942163207,2.400235412,0.043690839,0.0,0.0,0.0,0.0,0.0,0.0,0.0,1.0,0.0,0.0,0.0,0.0,0.0,0.0,0.0,0.0,0.0,0.0,0.0,0.0,1.0,0
41.0,11258.0,1160.0,71.0,629.0,16.33802817,1031.6,3.086808809,0.612200475,2.752216355,0.123081707,0.0,0.0,0.0,1.0,0.0,0.0,0.0,0.0,0.0,0.0,0.0,0.0,0.0,0.0,0.0,0.0,0.0,0.0,0.0,0.0,1.0,0
24.0,238.99,152.0,8.0,691.0,19.0,-7.1,-0.143152526,-0.107268565,-0.591602597,-1.992210654,0.0,0.0,0.0,1.0,0.0,0.0,0.0,0.0,0.0,0.0,0.0,0.0,0.0,0.0,0.0,0.0,0.0,0.0,0.0,0.0,1.0,0
26.0,139.0378,56.0,7.0,509.0,8.0,68.6091,0.08070618,-0.224812103,-0.415612125,-1.507951281,0.0,0.0,0.0,0.0,0.0,0.0,0.0,0.0,0.0,0.0,0.0,0.0,0.0,0.0,0.0,0.0,0.0,1.0,0.0,0.0,1.0,0
24.0,3126.853,1223.0,152.0,639.0,8.046052632,393.663,1.860288838,-0.059169202,2.04825447,0.06281847,0.0,0.0,0.0,1.0,0.0,0.0,0.0,0.0,0.0,0.0,0.0,0.0,0.0,0.0,0.0,0.0,0.0,0.0,0.0,0.0,1.0,0
27.0,457.83,105.0,8.0,188.0,13.125,32.07,2.56233984,0.125786346,-0.063631183,-0.034116666,0.0,0.0,0.0,0.0,0.0,0.0,0.0,0.0,0.0,0.0,0.0,0.0,0.0,0.0,0.0,0.0,0.0,1.0,0.0,0.0,1.0,0
30.0,50.98,16.0,7.0,370.0,2.285714286,30.23,-0.303051602,-0.205447785,-0.415612125,0.650469449,0.0,0.0,0.0,1.0,0.0,0.0,0.0,0.0,0.0,0.0,0.0,0.0,0.0,0.0,0.0,0.0,0.0,0.0,0.0,0.0,1.0,0
23.0,126.5756,45.0,20.0,449.0,2.25,49.1049,-0.143152526,-0.242792963,-0.239621654,0.075078703,0.0,0.0,0.0,0.0,0.0,0.0,0.0,0.0,0.0,0.0,0.0,0.0,0.0,0.0,0.0,0.0,0.0,0.0,1.0,0.0,1.0,1
22.0,15.0,7.0,6.0,210.0,1.166666667,-0.14,-0.574880032,-0.263905848,-0.239621654,0.488227014,0.0,0.0,0.0,1.0,0.0,0.0,0.0,0.0,0.0,0.0,0.0,0.0,0.0,0.0,0.0,0.0,0.0,0.0,0.0,0.0,1.0,0
22.0,4899.7518,110.0,23.0,459.0,4.782608696,220.8133,0.944161191,1.754719911,0.112359288,0.068693688,0.0,0.0,0.0,0.0,0.0,0.0,0.0,0.0,0.0,0.0,0.0,0.0,0.0,0.0,0.0,0.0,0.0,0.0,1.0,0.0,1.0,1
52.0,28887.7681,1329.0,168.0,336.0,7.910714286,619.6881,0.427434703,0.066889583,2.400235412,0.073420672,0.0,0.0,0.0,1.0,0.0,0.0,0.0,0.0,0.0,0.0,0.0,0.0,0.0,0.0,0.0,0.0,0.0,0.0,0.0,0.0,1.0,0
32.0,527.51,199.0,41.0,580.0,4.853658537,58.32,0.208625441,-0.206034808,0.112359288,-0.462764476,0.0,0.0,0.0,1.0,0.0,0.0,0.0,0.0,0.0,0.0,0.0,0.0,0.0,0.0,0.0,0.0,0.0,0.0,0.0,0.0,1.0,0
25.0,1115.265,119.0,33.0,148.0,3.606060606,8.7153,-0.128004193,-0.00803733,2.400235412,0.205349109,0.0,0.0,0.0,0.0,0.0,0.0,0.0,0.0,0.0,0.0,0.0,1.0,0.0,0.0,0.0,0.0,0.0,0.0,0.0,0.0,1.0,0
24.0,6306.83,80.0,33.0,220.0,2.424242424,323.12,-0.622849754,0.698356824,0.112359288,0.555271334,0.0,0.0,0.0,1.0,0.0,0.0,0.0,0.0,0.0,0.0,0.0,0.0,0.0,0.0,0.0,0.0,0.0,0.0,0.0,0.0,1.0,1
43.0,802.25,164.0,60.0,334.0,2.733333333,-89.75,-0.095182804,-0.223905368,-0.239621654,-0.047466358,0.0,0.0,0.0,1.0,0.0,0.0,0.0,0.0,0.0,0.0,0.0,0.0,0.0,0.0,0.0,0.0,0.0,0.0,0.0,0.0,1.0,0
21.0,33478.9665,922.0,74.0,492.0,12.45945946,1921.3065,-0.38300114,-0.081402679,-0.239621654,0.426255504,0.0,0.0,0.0,1.0,0.0,0.0,0.0,0.0,0.0,0.0,0.0,0.0,0.0,0.0,0.0,0.0,0.0,0.0,0.0,0.0,1.0,0
30.0,1226.6,103.0,41.0,449.0,2.512195122,455.32,-0.398991048,0.063511191,0.112359288,-0.888222881,0.0,0.0,1.0,0.0,0.0,0.0,0.0,0.0,0.0,0.0,0.0,0.0,0.0,0.0,0.0,0.0,0.0,0.0,0.0,0.0,1.0,1
21.0,233.26,36.0,16.0,449.0,2.25,137.16,0.14466581,-0.220450085,-0.591602597,-0.883755382,0.0,0.0,0.0,1.0,0.0,0.0,0.0,0.0,0.0,0.0,0.0,0.0,0.0,0.0,0.0,0.0,0.0,0.0,0.0,0.0,1.0,0
33.0,78088.8,3842.0,127.0,515.0,30.2519685,-1494.79,4.619776725,0.126748933,4.512121066,0.122001103,0.0,0.0,0.0,1.0,0.0,0.0,0.0,0.0,0.0,0.0,0.0,0.0,0.0,0.0,0.0,0.0,0.0,0.0,0.0,0.0,1.0,1
19.0,423.0,37.0,11.0,64.0,3.363636364,37.75,-0.123964637,0.099708838,0.816321172,0.239172329,1.0,0.0,0.0,0.0,0.0,0.0,0.0,0.0,0.0,0.0,0.0,0.0,0.0,0.0,0.0,0.0,0.0,0.0,0.0,0.0,1.0,1
51.0,5423.35,734.0,241.0,380.0,3.045643154,267.01,-0.513204674,-0.256535329,1.520283057,-0.002368832,0.0,0.0,0.0,1.0,0.0,0.0,0.0,0.0,0.0,0.0,0.0,0.0,0.0,0.0,0.0,0.0,0.0,0.0,0.0,0.0,1.0,0
34.0,58487.3413,1479.0,124.0,623.0,11.92741935,5946.7501,0.087102143,2.533102802,0.816321172,0.456543196,0.0,0.0,0.0,0.0,0.0,0.0,0.0,0.0,0.0,0.0,0.0,0.0,0.0,0.0,0.0,0.0,0.0,0.0,1.0,0.0,1.0,0
20.0,7283.26,98.0,17.0,349.0,5.764705882,300.97,0.14466581,0.603208958,-0.591602597,-3.543718075,0.0,0.0,0.0,0.0,0.0,0.0,0.0,1.0,0.0,0.0,0.0,0.0,0.0,0.0,0.0,0.0,0.0,0.0,0.0,0.0,1.0,1
26.0,408.5221,71.0,16.0,381.0,4.4375,41.1098,0.240605256,0.23502443,-0.591602597,-2.488869249,0.0,0.0,0.0,0.0,0.0,0.0,0.0,0.0,0.0,0.0,0.0,0.0,0.0,0.0,0.0,0.0,0.0,0.0,1.0,0.0,1.0,0
18.0,105.0131,142.0,35.0,350.0,4.057142857,35.8385,-0.143152526,-0.240198494,1.520283057,0.022041372,0.0,1.0,0.0,0.0,0.0,0.0,0.0,0.0,0.0,0.0,0.0,0.0,0.0,0.0,0.0,0.0,0.0,0.0,0.0,0.0,1.0,0
26.0,1217.0002,631.0,60.0,558.0,10.51666667,250.2202,3.022849179,-0.223298259,-0.239621654,-0.272585112,0.0,0.0,0.0,1.0,0.0,0.0,0.0,0.0,0.0,0.0,0.0,0.0,0.0,0.0,0.0,0.0,0.0,0.0,0.0,0.0,1.0,0
20.0,208.91,96.0,34.0,342.0,2.823529412,-7.0,0.106290032,-0.196237832,1.696273528,-0.236088196,0.0,0.0,0.0,1.0,0.0,0.0,0.0,0.0,0.0,0.0,0.0,0.0,0.0,0.0,0.0,0.0,0.0,0.0,0.0,0.0,1.0,0
35.0,29325.5592,673.0,138.0,327.0,4.876811594,3533.4201,-0.542900216,0.610314775,1.168302115,-0.170340353,0.0,0.0,0.0,0.0,0.0,0.0,0.0,0.0,0.0,0.0,0.0,0.0,0.0,0.0,0.0,0.0,0.0,1.0,0.0,0.0,1.0,1
25.0,177.7,35.0,28.0,362.0,1.25,40.35,-0.590869939,-0.254419428,0.112359288,0.129731954,0.0,0.0,0.0,1.0,0.0,0.0,0.0,0.0,0.0,0.0,0.0,0.0,0.0,0.0,0.0,0.0,0.0,0.0,0.0,0.0,1.0,0
22.0,17.48,13.0,4.0,230.0,3.25,15.83,-0.111172711,-0.247144423,-0.415612125,1.020541707,0.0,0.0,0.0,1.0,0.0,0.0,0.0,0.0,0.0,0.0,0.0,0.0,0.0,0.0,0.0,0.0,0.0,0.0,0.0,0.0,1.0,1
19.0,17672.4933,457.0,76.0,721.0,6.013157895,1497.7933,0.233225299,2.161652609,1.344292586,0.192000941,0.0,0.0,0.0,1.0,0.0,0.0,0.0,0.0,0.0,0.0,0.0,0.0,0.0,0.0,0.0,0.0,0.0,0.0,0.0,0.0,1.0,0
31.0,707.1551,319.0,36.0,305.0,8.861111111,45.8364,1.924875523,-0.084024199,2.224244941,-0.00872225,0.0,1.0,0.0,0.0,0.0,0.0,0.0,0.0,0.0,0.0,0.0,0.0,0.0,0.0,0.0,0.0,0.0,0.0,0.0,0.0,1.0,0
23.0,11140.84,3772.0,221.0,604.0,17.0678733,528.17,4.064477445,-0.186894116,0.288349759,0.139003127,0.0,0.0,0.0,1.0,0.0,0.0,0.0,0.0,0.0,0.0,0.0,0.0,0.0,0.0,0.0,0.0,0.0,0.0,0.0,0.0,1.0,0
29.0,7.64,7.0,4.0,89.0,1.75,0.88,-0.494930494,-0.259907352,-0.415612125,-0.678829367,0.0,0.0,0.0,0.0,1.0,0.0,0.0,0.0,0.0,0.0,0.0,0.0,0.0,0.0,0.0,0.0,0.0,0.0,0.0,0.0,1.0,1
22.0,1276.7407,25.0,14.0,315.0,1.785714286,497.3882,-0.558890124,1.444973045,-0.415612125,1.505067552,0.0,1.0,0.0,0.0,0.0,0.0,0.0,0.0,0.0,0.0,0.0,0.0,0.0,0.0,0.0,0.0,0.0,0.0,0.0,0.0,1.0,1
22.0,1076.192,184.0,36.0,144.0,5.111111111,174.092,-0.239091972,-0.093700386,0.112359288,0.146014461,0.0,0.0,0.0,1.0,0.0,0.0,0.0,0.0,0.0,0.0,0.0,0.0,0.0,0.0,0.0,0.0,0.0,0.0,0.0,0.0,1.0,1
25.0,14487.6482,329.0,39.0,544.0,8.435897436,-126.1618,1.439848326,2.198899426,-0.239621654,1.782208087,0.0,0.0,0.0,1.0,0.0,0.0,0.0,0.0,0.0,0.0,0.0,0.0,0.0,0.0,0.0,0.0,0.0,0.0,0.0,0.0,1.0,0
24.0,486.2508,24.0,14.0,348.0,1.714285714,-23.0451,-0.50772242,-0.098339154,-0.063631183,-0.772494182,0.0,0.0,0.0,0.0,0.0,0.0,0.0,0.0,0.0,0.0,0.0,1.0,0.0,0.0,0.0,0.0,0.0,0.0,0.0,0.0,1.0,0
20.0,178.6569,145.0,35.0,172.0,4.142857143,35.0844,0.349336628,-0.237672865,1.696273528,0.14923826,0.0,0.0,0.0,0.0,0.0,0.0,0.0,0.0,0.0,0.0,0.0,1.0,0.0,0.0,0.0,0.0,0.0,0.0,0.0,0.0,1.0,1
47.0,733.51,271.0,51.0,258.0,5.31372549,114.61,0.254310891,-0.169052179,1.520283057,0.369138269,0.0,0.0,0.0,1.0,0.0,0.0,0.0,0.0,0.0,0.0,0.0,0.0,0.0,0.0,0.0,0.0,0.0,0.0,0.0,0.0,1.0,1
38.0,6398.7618,421.0,42.0,350.0,10.02380952,2001.9016,3.102798717,0.32919385,1.168302115,-0.013568652,0.0,0.0,0.0,0.0,0.0,0.0,0.0,0.0,0.0,0.0,1.0,0.0,0.0,0.0,0.0,0.0,0.0,0.0,0.0,0.0,1.0,1
18.0,91.2733,90.0,22.0,363.0,4.090909091,-4.33,-0.143152526,-0.2527531,-0.591602597,2.870041006,0.0,0.0,0.0,0.0,0.0,0.0,0.0,0.0,0.0,0.0,0.0,1.0,0.0,0.0,0.0,0.0,0.0,0.0,0.0,0.0,0.0,0
23.0,17.01,13.0,8.0,362.0,1.625,2.55,-0.485793403,-0.252177081,0.288349759,0.088589893,0.0,0.0,0.0,1.0,0.0,0.0,0.0,0.0,0.0,0.0,0.0,0.0,0.0,0.0,0.0,0.0,0.0,0.0,0.0,0.0,1.0,0
27.0,9004.22,541.0,96.0,380.0,5.635416667,491.87,-0.430970863,-0.233356835,-0.415612125,1.349631184,0.0,0.0,0.0,1.0,0.0,0.0,0.0,0.0,0.0,0.0,0.0,0.0,0.0,0.0,0.0,0.0,0.0,0.0,0.0,0.0,1.0,0
31.0,279.06,44.0,10.0,474.0,4.4,-51.53,0.451672036,0.07313558,-0.063631183,-0.375319047,0.0,1.0,0.0,0.0,0.0,0.0,0.0,0.0,0.0,0.0,0.0,0.0,0.0,0.0,0.0,0.0,0.0,0.0,0.0,0.0,1.0,0
19.0,171502.31,5146.0,307.0,563.0,16.76221498,1298.4,3.976053993,1.526293294,4.512121066,0.201000026,0.0,0.0,0.0,1.0,0.0,0.0,0.0,0.0,0.0,0.0,0.0,0.0,0.0,0.0,0.0,0.0,0.0,0.0,0.0,0.0,1.0,0
32.0,28.33,6.0,4.0,42.0,1.5,28.33,-0.494930494,-0.20413844,-0.415612125,2.187872551,0.0,0.0,0.0,0.0,1.0,0.0,0.0,0.0,0.0,0.0,0.0,0.0,0.0,0.0,0.0,0.0,0.0,0.0,0.0,0.0,1.0,0
24.0,1379.9475,271.0,32.0,127.0,8.46875,175.6724,0.728645045,-0.000709451,3.104197297,0.063896818,0.0,0.0,0.0,0.0,0.0,0.0,0.0,0.0,0.0,0.0,0.0,0.0,0.0,0.0,0.0,0.0,0.0,0.0,1.0,0.0,1.0,1
32.0,286.85,69.0,12.0,585.0,5.75,50.46,0.688322669,-0.125093278,0.112359288,-0.601594819,0.0,0.0,0.0,1.0,0.0,0.0,0.0,0.0,0.0,0.0,0.0,0.0,0.0,0.0,0.0,0.0,0.0,0.0,0.0,0.0,1.0,0
18.0,83.3529,47.0,14.0,403.0,3.357142857,15.5059,-0.321325782,-0.230763823,0.288349759,-0.488588948,0.0,0.0,0.0,0.0,0.0,0.0,0.0,0.0,0.0,0.0,0.0,0.0,0.0,0.0,0.0,0.0,0.0,0.0,1.0,0.0,1.0,0
22.0,89.2,108.0,37.0,487.0,2.918918919,12.94,-0.207112157,-0.260353927,0.112359288,0.02766033,0.0,0.0,0.0,1.0,0.0,0.0,0.0,0.0,0.0,0.0,0.0,0.0,0.0,0.0,0.0,0.0,0.0,0.0,0.0,0.0,1.0,0
23.0,3231.97,508.0,76.0,484.0,6.684210526,140.25,1.018780759,-0.19377811,0.640330701,0.031205294,0.0,0.0,0.0,0.0,0.0,0.0,0.0,0.0,0.0,1.0,0.0,0.0,0.0,0.0,0.0,0.0,0.0,0.0,0.0,0.0,1.0,0
29.0,81275.8073,830.0,118.0,322.0,7.033898305,10530.9155,-0.526910309,-0.062911489,-0.591602597,-8.030303875,0.0,0.0,0.0,0.0,0.0,0.0,0.0,0.0,0.0,0.0,0.0,0.0,0.0,0.0,0.0,0.0,0.0,0.0,1.0,0.0,1.0,1
27.0,128857.53,1827.0,201.0,330.0,9.089552239,14059.61,0.178526791,0.11596025,2.04825447,0.043854725,0.0,0.0,0.0,0.0,0.0,0.0,0.0,0.0,0.0,0.0,0.0,0.0,0.0,0.0,0.0,1.0,0.0,0.0,0.0,0.0,1.0,1
42.0,409.0,23.0,11.0,363.0,2.090909091,218.5,-0.392595085,0.033376955,0.816321172,0.460077017,0.0,0.0,0.0,0.0,0.0,0.0,0.0,1.0,0.0,0.0,0.0,0.0,0.0,0.0,0.0,0.0,0.0,0.0,0.0,0.0,1.0,0
31.0,762.4,754.0,116.0,590.0,6.5,72.39,2.111424445,-0.188592643,3.984149653,0.021686636,0.0,0.0,0.0,1.0,0.0,0.0,0.0,0.0,0.0,0.0,0.0,0.0,0.0,0.0,0.0,0.0,0.0,0.0,0.0,0.0,1.0,0
22.0,299.79,225.0,31.0,101.0,7.258064516,16.68,0.881884708,-0.183874088,2.400235412,0.151930584,1.0,0.0,0.0,0.0,0.0,0.0,0.0,0.0,0.0,0.0,0.0,0.0,0.0,0.0,0.0,0.0,0.0,0.0,0.0,0.0,1.0,1
27.0,77.27,114.0,19.0,53.0,6.0,4.58,0.432484147,-0.233027697,1.168302115,0.057750156,0.0,0.0,0.0,1.0,0.0,0.0,0.0,0.0,0.0,0.0,0.0,0.0,0.0,0.0,0.0,0.0,0.0,0.0,0.0,0.0,1.0,1
26.0,475.8722,54.0,11.0,389.0,4.909090909,45.2327,0.304564886,-0.10332429,0.112359288,0.71866281,0.0,0.0,0.0,0.0,0.0,0.0,0.0,0.0,0.0,0.0,0.0,0.0,0.0,0.0,0.0,0.0,0.0,0.0,1.0,0.0,1.0,1
31.0,3050.54,110.0,18.0,152.0,6.111111111,334.0,1.487818049,1.30406376,-0.591602597,-2.626760264,0.0,0.0,0.0,1.0,0.0,0.0,0.0,0.0,0.0,0.0,0.0,0.0,0.0,0.0,0.0,0.0,0.0,0.0,0.0,0.0,1.0,1
40.0,391628.331,2724.0,252.0,502.0,10.80952381,19886.281,0.88020156,5.470081084,4.336130595,0.100069699,0.0,0.0,0.0,0.0,0.0,0.0,0.0,0.0,0.0,0.0,0.0,0.0,0.0,0.0,0.0,0.0,0.0,0.0,0.0,0.0,1.0,0
19.0,191.9,83.0,11.0,430.0,7.545454545,17.83,2.025078944,-0.119778989,-0.063631183,1.132901976,0.0,0.0,0.0,1.0,0.0,0.0,0.0,0.0,0.0,0.0,0.0,0.0,0.0,0.0,0.0,0.0,0.0,0.0,0.0,0.0,1.0,0
42.0,66.26,20.0,7.0,213.0,2.857142857,13.23,-0.27746775,-0.214395288,-0.063631183,-1.085699613,0.0,0.0,0.0,1.0,0.0,0.0,0.0,0.0,0.0,0.0,0.0,0.0,0.0,0.0,0.0,0.0,0.0,0.0,0.0,0.0,1.0,0
21.0,5275.1109,1393.0,125.0,409.0,11.144,711.8209,4.174122526,-0.136044688,1.168302115,0.153612134,0.0,0.0,0.0,1.0,0.0,0.0,0.0,0.0,0.0,0.0,0.0,0.0,0.0,0.0,0.0,0.0,0.0,0.0,0.0,0.0,1.0,1
18.0,48.9554,45.0,12.0,209.0,3.75,8.906,-0.469346641,-0.258691265,-0.063631183,0.032797785,0.0,0.0,0.0,0.0,0.0,0.0,0.0,0.0,0.0,0.0,0.0,1.0,0.0,0.0,0.0,0.0,0.0,0.0,0.0,0.0,1.0,1
29.0,1834.56,196.0,71.0,390.0,2.76056338,420.32,-0.239091972,-0.215983496,-0.415612125,-0.433965118,0.0,0.0,0.0,0.0,1.0,0.0,0.0,0.0,0.0,0.0,0.0,0.0,0.0,0.0,0.0,0.0,0.0,0.0,0.0,0.0,1.0,1
22.0,22.3,15.0,11.0,271.0,1.363636364,12.32,-0.546098198,-0.26306499,-0.063631183,0.182272507,0.0,0.0,0.0,0.0,0.0,0.0,1.0,0.0,0.0,0.0,0.0,0.0,0.0,0.0,0.0,0.0,0.0,0.0,0.0,0.0,1.0,0
22.0,5486.305,198.0,25.0,471.0,7.92,467.1087,1.466498172,0.521673911,0.640330701,0.305181163,0.0,0.0,0.0,0.0,0.0,0.0,0.0,0.0,0.0,0.0,0.0,1.0,0.0,0.0,0.0,0.0,0.0,0.0,0.0,0.0,1.0,1
46.0,11143.41,4103.0,396.0,647.0,10.36111111,1361.42,-0.590869939,-0.232153299,0.112359288,0.240038126,0.0,0.0,0.0,0.0,0.0,0.0,1.0,0.0,0.0,0.0,0.0,0.0,0.0,0.0,0.0,0.0,0.0,0.0,0.0,0.0,1.0,0
54.0,83.05,58.0,30.0,553.0,1.933333333,8.6,-0.622849754,-0.267189013,-0.591602597,0.030731603,0.0,0.0,0.0,1.0,0.0,0.0,0.0,0.0,0.0,0.0,0.0,0.0,0.0,0.0,0.0,0.0,0.0,0.0,0.0,0.0,1.0,0
32.0,2477.85,424.0,30.0,129.0,14.13333333,394.45,4.256356336,0.794802247,1.520283057,-0.057891734,0.0,0.0,0.0,1.0,0.0,0.0,0.0,0.0,0.0,0.0,0.0,0.0,0.0,0.0,0.0,0.0,0.0,0.0,0.0,0.0,1.0,1
26.0,53.0,13.0,4.0,50.0,3.25,15.4,0.14466581,-0.171420034,-0.591602597,-1.236570194,0.0,0.0,0.0,1.0,0.0,0.0,0.0,0.0,0.0,0.0,0.0,0.0,0.0,0.0,0.0,0.0,0.0,0.0,0.0,0.0,1.0,0
50.0,16303.1,3478.0,247.0,727.0,14.08097166,4083.75,3.667562253,0.077115234,3.456178239,0.143129784,0.0,0.0,0.0,1.0,0.0,0.0,0.0,0.0,0.0,0.0,0.0,0.0,0.0,0.0,0.0,0.0,0.0,0.0,0.0,0.0,1.0,0
23.0,24.5548,40.0,5.0,472.0,8.0,2.3224,1.231979527,-0.246730788,-0.415612125,0.307665332,0.0,0.0,0.0,0.0,0.0,0.0,0.0,0.0,0.0,0.0,0.0,1.0,0.0,0.0,0.0,0.0,0.0,0.0,0.0,0.0,1.0,0
32.0,19.0,8.0,5.0,40.0,1.6,-17.24,-0.494930494,-0.263905848,-0.415612125,0.10215541,0.0,0.0,0.0,0.0,0.0,0.0,0.0,0.0,0.0,0.0,0.0,0.0,0.0,0.0,1.0,0.0,0.0,0.0,0.0,0.0,1.0,1
31.0,75.49,35.0,10.0,319.0,3.5,23.36,0.259793145,-0.246203493,-0.063631183,0.049980885,0.0,0.0,1.0,0.0,0.0,0.0,0.0,0.0,0.0,0.0,0.0,0.0,0.0,0.0,0.0,0.0,0.0,0.0,0.0,0.0,1.0,0
27.0,21.5,14.0,6.0,346.0,2.333333333,6.0,-0.175132342,-0.247849665,-0.415612125,-0.662730858,0.0,0.0,0.0,1.0,0.0,0.0,0.0,0.0,0.0,0.0,0.0,0.0,0.0,0.0,0.0,0.0,0.0,0.0,0.0,0.0,1.0,1
30.0,163672.7945,10424.0,391.0,609.0,26.65984655,-3531.1655,2.133228865,-0.01354912,0.992311644,-0.072649676,0.0,0.0,0.0,1.0,0.0,0.0,0.0,0.0,0.0,0.0,0.0,0.0,0.0,0.0,0.0,0.0,0.0,0.0,0.0,0.0,1.0,0
21.0,7115.75,446.0,55.0,712.0,8.109090909,717.61,-0.348737053,0.001101089,0.288349759,-0.378007727,0.0,0.0,0.0,1.0,0.0,0.0,0.0,0.0,0.0,0.0,0.0,0.0,0.0,0.0,0.0,0.0,0.0,0.0,0.0,0.0,1.0,0
20.0,3155.52,535.0,85.0,483.0,6.294117647,257.99,0.413296258,-0.172465814,0.816321172,0.181827715,0.0,0.0,0.0,1.0,0.0,0.0,0.0,0.0,0.0,0.0,0.0,0.0,0.0,0.0,0.0,0.0,0.0,0.0,0.0,0.0,1.0,0
40.0,53.15,46.0,15.0,715.0,3.066666667,4.65,-0.132492588,-0.239111584,0.640330701,-0.025591512,0.0,0.0,0.0,1.0,0.0,0.0,0.0,0.0,0.0,0.0,0.0,0.0,0.0,0.0,0.0,0.0,0.0,0.0,0.0,0.0,1.0,0
21.0,331.05,173.0,47.0,370.0,3.680851064,91.07,0.08070618,-0.252867295,0.112359288,-0.216978912,0.0,0.0,0.0,1.0,0.0,0.0,0.0,0.0,0.0,0.0,0.0,0.0,0.0,0.0,0.0,0.0,0.0,0.0,0.0,0.0,1.0,0
28.0,110.51,30.0,16.0,119.0,1.875,-3.19,-0.526910309,-0.216738465,-0.591602597,2.720295921,0.0,0.0,0.0,1.0,0.0,0.0,0.0,0.0,0.0,0.0,0.0,0.0,0.0,0.0,0.0,0.0,0.0,0.0,0.0,0.0,1.0,0
20.0,1285.1194,85.0,20.0,475.0,4.25,91.3967,-0.574880032,-0.25842931,-0.239621654,-4.85e-05,0.0,0.0,0.0,0.0,0.0,0.0,0.0,0.0,0.0,0.0,0.0,0.0,0.0,0.0,0.0,0.0,0.0,0.0,1.0,0.0,1.0,0
19.0,30473.75,1585.0,106.0,226.0,14.95283019,3011.15,0.829947565,-0.086860496,0.288349759,0.089699471,0.0,0.0,0.0,1.0,0.0,0.0,0.0,0.0,0.0,0.0,0.0,0.0,0.0,0.0,0.0,0.0,0.0,0.0,0.0,0.0,1.0,1
30.0,279.5125,6.0,4.0,169.0,1.5,77.5948,-0.622849754,0.090378905,-0.591602597,1.856825148,0.0,0.0,0.0,0.0,0.0,0.0,0.0,0.0,0.0,0.0,0.0,0.0,0.0,0.0,0.0,0.0,1.0,0.0,0.0,0.0,1.0,0
26.0,121.3628,26.0,10.0,42.0,2.6,39.2934,-0.376148323,-0.22374584,0.288349759,-0.08434699,0.0,0.0,0.0,0.0,0.0,0.0,0.0,0.0,0.0,0.0,0.0,0.0,0.0,0.0,0.0,0.0,0.0,0.0,1.0,0.0,1.0,0
18.0,291.3986,80.0,37.0,170.0,2.162162162,13.0272,-0.403559593,-0.247556404,0.288349759,0.055329303,0.0,0.0,0.0,0.0,0.0,0.0,0.0,0.0,0.0,0.0,0.0,0.0,0.0,0.0,0.0,0.0,0.0,0.0,1.0,0.0,1.0,0
28.0,220.15,37.0,14.0,77.0,2.642857143,9.5,-0.303051602,-0.147062515,0.112359288,0.518991468,0.0,0.0,1.0,0.0,0.0,0.0,0.0,0.0,0.0,0.0,0.0,0.0,0.0,0.0,0.0,0.0,0.0,0.0,0.0,0.0,1.0,0
37.0,24143.9,2399.0,192.0,456.0,12.49479167,2857.15,1.487818049,0.437057416,2.576225884,0.129314859,0.0,0.0,0.0,1.0,0.0,0.0,0.0,0.0,0.0,0.0,0.0,0.0,0.0,0.0,0.0,0.0,0.0,0.0,0.0,0.0,1.0,1
21.0,80.16,84.0,7.0,280.0,12.0,36.97,2.025078944,-0.202809549,-0.063631183,-0.32630655,0.0,0.0,1.0,0.0,0.0,0.0,0.0,0.0,0.0,0.0,0.0,0.0,0.0,0.0,0.0,0.0,0.0,0.0,0.0,0.0,1.0,0
20.0,770.73,227.0,30.0,354.0,7.566666667,157.42,1.05172966,-0.201334521,0.992311644,-0.079268921,0.0,0.0,0.0,1.0,0.0,0.0,0.0,0.0,0.0,0.0,0.0,0.0,0.0,0.0,0.0,0.0,0.0,0.0,0.0,0.0,1.0,1
26.0,76.0,11.0,6.0,371.0,1.833333333,36.6,-0.239091972,-0.230989255,-0.591602597,-0.329722602,0.0,0.0,0.0,1.0,0.0,0.0,0.0,0.0,0.0,0.0,0.0,0.0,0.0,0.0,0.0,0.0,0.0,0.0,0.0,0.0,1.0,0
37.0,1182.25,589.0,134.0,535.0,4.395522388,151.25,-0.526910309,-0.242203037,-0.239621654,0.854621561,0.0,0.0,0.0,1.0,0.0,0.0,0.0,0.0,0.0,0.0,0.0,0.0,0.0,0.0,0.0,0.0,0.0,0.0,0.0,0.0,1.0,0
29.0,6571.0097,3380.0,321.0,551.0,10.52959502,383.1065,1.526193827,0.025932774,4.336130595,0.20780193,0.0,0.0,0.0,0.0,0.0,0.0,0.0,0.0,0.0,0.0,0.0,1.0,0.0,0.0,0.0,0.0,0.0,0.0,0.0,0.0,1.0,0
24.0,160.7257,14.0,5.0,260.0,2.8,105.5627,-0.111172711,-0.057883084,-0.415612125,0.9801929,0.0,0.0,0.0,0.0,0.0,0.0,0.0,0.0,0.0,0.0,0.0,0.0,0.0,0.0,0.0,0.0,0.0,0.0,1.0,0.0,1.0,1
26.0,98766.4962,2251.0,265.0,665.0,8.494339623,6486.6665,0.415942864,0.525168527,4.160140124,0.090449653,0.0,0.0,0.0,0.0,0.0,1.0,0.0,0.0,0.0,0.0,0.0,0.0,0.0,0.0,0.0,0.0,0.0,0.0,0.0,0.0,1.0,0
22.0,25261.6512,675.0,98.0,560.0,6.887755102,4104.9212,0.860521674,0.284184992,3.63216871,0.383148442,0.0,0.0,0.0,1.0,0.0,0.0,0.0,0.0,0.0,0.0,0.0,0.0,0.0,0.0,0.0,0.0,0.0,0.0,0.0,0.0,1.0,1
37.0,33177.3615,1040.0,89.0,682.0,11.68539326,4342.1915,0.848221745,1.295558093,-0.415612125,2.513040204,0.0,0.0,0.0,1.0,0.0,0.0,0.0,0.0,0.0,0.0,0.0,0.0,0.0,0.0,0.0,0.0,0.0,0.0,0.0,0.0,0.0,0
29.0,109.0,78.0,10.0,32.0,7.8,65.53,0.826901868,-0.20492082,0.640330701,-0.215871519,0.0,0.0,0.0,1.0,0.0,0.0,0.0,0.0,0.0,0.0,0.0,0.0,0.0,0.0,0.0,0.0,0.0,0.0,0.0,0.0,1.0,1
20.0,426.875,189.0,45.0,244.0,4.2,53.475,0.276582548,-0.179609986,1.872263999,0.067138815,0.0,0.0,1.0,0.0,0.0,0.0,0.0,0.0,0.0,0.0,0.0,0.0,0.0,0.0,0.0,0.0,0.0,0.0,0.0,0.0,1.0,0
43.0,7258.84,3657.0,174.0,576.0,21.01724138,619.18,-0.191122249,-0.263643776,-0.239621654,0.231188111,0.0,0.0,0.0,1.0,0.0,0.0,0.0,0.0,0.0,0.0,0.0,0.0,0.0,0.0,0.0,0.0,0.0,0.0,0.0,0.0,1.0,0
26.0,11025.39,234.0,53.0,447.0,4.41509434,-338.68,0.408499286,1.319174471,0.46434023,0.751925151,0.0,0.0,0.0,0.0,0.0,0.0,0.0,0.0,0.0,0.0,0.0,0.0,0.0,0.0,0.0,1.0,0.0,0.0,0.0,0.0,1.0,0
22.0,36827.37,5010.0,284.0,631.0,17.64084507,5988.45,2.325107756,0.656635988,0.992311644,-0.07011224,0.0,0.0,0.0,1.0,0.0,0.0,0.0,0.0,0.0,0.0,0.0,0.0,0.0,0.0,0.0,0.0,0.0,0.0,0.0,0.0,1.0,0
22.0,43486.14,4234.0,444.0,682.0,9.536036036,2716.6,0.14466581,-0.25407312,-0.239621654,-0.229475732,0.0,0.0,0.0,1.0,0.0,0.0,0.0,0.0,0.0,0.0,0.0,0.0,0.0,0.0,0.0,0.0,0.0,0.0,0.0,0.0,1.0,0
35.0,74964.3541,3858.0,275.0,686.0,14.02909091,3203.1441,1.11067678,0.93289315,4.160140124,0.056296838,0.0,0.0,0.0,1.0,0.0,0.0,0.0,0.0,0.0,0.0,0.0,0.0,0.0,0.0,0.0,0.0,0.0,0.0,0.0,0.0,1.0,0
29.0,7251.8095,1628.0,139.0,537.0,11.71223022,669.0188,0.236036711,-0.178515748,2.752216355,0.081284021,0.0,0.0,0.0,0.0,0.0,0.0,0.0,0.0,0.0,0.0,0.0,0.0,0.0,0.0,0.0,0.0,0.0,0.0,1.0,0.0,1.0,0
34.0,76.0,32.0,11.0,46.0,2.909090909,41.3,-0.217772095,-0.240906551,0.640330701,0.069078223,0.0,0.0,0.0,1.0,0.0,0.0,0.0,0.0,0.0,0.0,0.0,0.0,0.0,0.0,0.0,0.0,0.0,0.0,0.0,0.0,1.0,0
30.0,160.35,53.0,14.0,598.0,3.785714286,-0.33,-0.047213081,-0.219475224,0.288349759,0.330683022,0.0,0.0,0.0,1.0,0.0,0.0,0.0,0.0,0.0,0.0,0.0,0.0,0.0,0.0,0.0,0.0,0.0,0.0,0.0,0.0,1.0,0
22.0,1539.93,89.0,23.0,321.0,3.869565217,20.31,0.720302484,-0.230280138,-0.415612125,-0.545014932,0.0,0.0,0.0,1.0,0.0,0.0,0.0,0.0,0.0,0.0,0.0,0.0,0.0,0.0,0.0,0.0,0.0,0.0,0.0,0.0,1.0,1
30.0,160.0,26.0,9.0,199.0,2.888888889,14.15,-0.454955725,-0.228496495,0.46434023,0.225451736,0.0,0.0,0.0,1.0,0.0,0.0,0.0,0.0,0.0,0.0,0.0,0.0,0.0,0.0,0.0,0.0,0.0,0.0,0.0,0.0,1.0,0
26.0,25457.9767,862.0,98.0,634.0,8.795918367,1314.9767,2.830970287,0.229086015,-0.063631183,-0.439121318,0.0,0.0,1.0,0.0,0.0,0.0,0.0,0.0,0.0,0.0,0.0,0.0,0.0,0.0,0.0,0.0,0.0,0.0,0.0,0.0,1.0,1
18.0,1264.6224,172.0,56.0,519.0,3.071428571,-82.6243,0.003281364,-0.210049302,2.400235412,0.14593975,0.0,0.0,0.0,0.0,0.0,0.0,0.0,0.0,0.0,0.0,0.0,0.0,0.0,0.0,0.0,0.0,0.0,0.0,1.0,0.0,1.0,1
34.0,899.0,109.0,27.0,354.0,4.037037037,81.3,0.029538476,-0.177271184,-0.063631183,-0.735433875,0.0,0.0,0.0,1.0,0.0,0.0,0.0,0.0,0.0,0.0,0.0,0.0,0.0,0.0,0.0,0.0,0.0,0.0,0.0,0.0,1.0,0
24.0,11420.478,361.0,76.0,474.0,4.75,528.488,0.587463252,-0.056970744,1.344292586,-0.142531244,0.0,0.0,0.0,1.0,0.0,0.0,0.0,0.0,0.0,0.0,0.0,0.0,0.0,0.0,0.0,0.0,0.0,0.0,0.0,0.0,1.0,0
24.0,1643.0,71.0,26.0,110.0,2.730769231,-355.36,-0.281731726,-0.103597504,0.640330701,0.238554596,0.0,0.0,0.0,0.0,0.0,0.0,0.0,0.0,0.0,0.0,0.0,0.0,0.0,0.0,0.0,1.0,0.0,0.0,0.0,0.0,1.0,0
29.0,175.0,9.0,5.0,464.0,1.8,14.0,-0.622849754,-0.198913521,-0.591602597,-1.17374184,0.0,0.0,0.0,1.0,0.0,0.0,0.0,0.0,0.0,0.0,0.0,0.0,0.0,0.0,0.0,0.0,0.0,0.0,0.0,0.0,0.0,0
19.0,411.87,189.0,50.0,243.0,3.78,71.94,-0.068532958,-0.222555068,2.224244941,-0.015175213,0.0,0.0,0.0,0.0,1.0,0.0,0.0,0.0,0.0,0.0,0.0,0.0,0.0,0.0,0.0,0.0,0.0,0.0,0.0,0.0,1.0,0
46.0,1520.17,1111.0,92.0,260.0,12.07608696,246.2,-0.510920401,-0.253119732,1.168302115,0.044115231,0.0,0.0,0.0,1.0,0.0,0.0,0.0,0.0,0.0,0.0,0.0,0.0,0.0,0.0,0.0,0.0,0.0,0.0,0.0,0.0,1.0,0
33.0,14131.09,265.0,86.0,212.0,3.081395349,-140.1,-0.48853453,-0.172969565,0.816321172,-0.089635103,0.0,0.0,0.0,0.0,1.0,0.0,0.0,0.0,0.0,0.0,0.0,0.0,0.0,0.0,0.0,0.0,0.0,0.0,0.0,0.0,1.0,0
24.0,447.1586,58.0,31.0,290.0,1.870967742,51.1586,-0.303051602,-0.145909112,0.640330701,-0.100564885,0.0,0.0,1.0,0.0,0.0,0.0,0.0,0.0,0.0,0.0,0.0,0.0,0.0,0.0,0.0,0.0,0.0,0.0,0.0,0.0,1.0,0
20.0,72.66,16.0,10.0,362.0,1.6,26.35,-0.526910309,-0.26306499,-0.591602597,0.41287365,0.0,0.0,0.0,1.0,0.0,0.0,0.0,0.0,0.0,0.0,0.0,0.0,0.0,0.0,0.0,0.0,0.0,0.0,0.0,0.0,1.0,0
24.0,199.97,17.0,12.0,50.0,1.416666667,2.7,-0.51625037,-0.206715605,0.640330701,0.153986548,0.0,0.0,0.0,1.0,0.0,0.0,0.0,0.0,0.0,0.0,0.0,0.0,0.0,0.0,0.0,0.0,0.0,0.0,0.0,0.0,1.0,0
32.0,38.26,30.0,10.0,438.0,3.0,-1.43,0.096696088,-0.24399328,-0.239621654,-0.227731115,0.0,0.0,0.0,1.0,0.0,0.0,0.0,0.0,0.0,0.0,0.0,0.0,0.0,0.0,0.0,0.0,0.0,0.0,0.0,0.0,1.0,0
19.0,730.4579,471.0,93.0,574.0,5.064516129,16.0506,1.262568916,-0.149592139,3.104197297,-0.088988817,0.0,0.0,0.0,0.0,0.0,0.0,0.0,0.0,0.0,0.0,0.0,0.0,0.0,0.0,0.0,0.0,0.0,0.0,1.0,0.0,1.0,1
40.0,24641.09,1979.0,246.0,621.0,8.044715447,2044.44,0.11725454,0.102340112,0.288349759,0.41836446,0.0,0.0,0.0,1.0,0.0,0.0,0.0,0.0,0.0,0.0,0.0,0.0,0.0,0.0,0.0,0.0,0.0,0.0,0.0,0.0,0.0,0
54.0,16946.7,8259.0,227.0,632.0,36.38325991,1586.26,4.429961047,-0.175832514,0.112359288,0.532035631,0.0,0.0,0.0,1.0,0.0,0.0,0.0,0.0,0.0,0.0,0.0,0.0,0.0,0.0,0.0,0.0,0.0,0.0,0.0,0.0,1.0,0
28.0,27.49,10.0,9.0,293.0,1.111111111,27.49,-0.622849754,-0.252799058,-0.415612125,1.067334421,0.0,0.0,0.0,1.0,0.0,0.0,0.0,0.0,0.0,0.0,0.0,0.0,0.0,0.0,0.0,0.0,0.0,0.0,0.0,0.0,1.0,0
34.0,411.62,381.0,53.0,400.0,7.188679245,-84.13,1.08274039,-0.237217626,0.640330701,0.037661056,0.0,0.0,0.0,1.0,0.0,0.0,0.0,0.0,0.0,0.0,0.0,0.0,0.0,0.0,0.0,0.0,0.0,0.0,0.0,0.0,1.0,0
19.0,16444.66,635.0,91.0,691.0,6.978021978,894.13,1.587928775,4.757167428,3.104197297,-0.123863487,0.0,0.0,0.0,1.0,0.0,0.0,0.0,0.0,0.0,0.0,0.0,0.0,0.0,0.0,0.0,0.0,0.0,0.0,0.0,0.0,1.0,1
46.0,427.9,276.0,40.0,96.0,6.9,108.01,0.805581991,-0.16189821,2.224244941,0.144625636,0.0,0.0,0.0,1.0,0.0,0.0,0.0,0.0,0.0,0.0,0.0,0.0,0.0,0.0,0.0,0.0,0.0,0.0,0.0,0.0,1.0,1
32.0,71.15,31.0,14.0,478.0,2.214285714,25.31,-0.266503242,-0.239208545,0.288349759,0.014722678,0.0,0.0,0.0,1.0,0.0,0.0,0.0,0.0,0.0,0.0,0.0,0.0,0.0,0.0,0.0,0.0,0.0,0.0,0.0,0.0,1.0,0
24.0,1345.2403,44.0,10.0,234.0,4.4,272.9647,-0.430970863,-0.220313895,-0.415612125,-0.038170832,0.0,0.0,0.0,0.0,0.0,0.0,0.0,0.0,0.0,0.0,0.0,0.0,0.0,0.0,0.0,0.0,0.0,0.0,1.0,0.0,1.0,0
36.0,17797.75,757.0,144.0,613.0,5.256944444,2357.51,-0.303051602,-0.234944838,0.112359288,-0.165395079,0.0,0.0,0.0,1.0,0.0,0.0,0.0,0.0,0.0,0.0,0.0,0.0,0.0,0.0,0.0,0.0,0.0,0.0,0.0,0.0,1.0,0
24.0,133.6623,17.0,14.0,417.0,1.214285714,-57.4759,-0.622849754,-0.257449741,-0.415612125,0.183548183,0.0,0.0,0.0,0.0,0.0,0.0,0.0,0.0,0.0,0.0,0.0,0.0,0.0,0.0,0.0,0.0,0.0,0.0,1.0,0.0,0.0,0
24.0,23640.2712,2211.0,273.0,617.0,8.098901099,4047.048,1.287596597,0.03264221,3.104197297,0.045899115,0.0,0.0,0.0,0.0,0.0,0.0,0.0,0.0,0.0,0.0,0.0,0.0,0.0,0.0,0.0,0.0,0.0,1.0,0.0,0.0,1.0,0
21.0,19712.5512,251.0,58.0,645.0,4.327586207,506.2386,0.000756642,-0.211816019,-0.239621654,-0.205940067,0.0,0.0,0.0,0.0,0.0,0.0,0.0,0.0,0.0,0.0,0.0,0.0,0.0,0.0,0.0,0.0,1.0,0.0,0.0,0.0,1.0,0
22.0,4139.87,644.0,35.0,70.0,18.4,208.54,1.295939158,-0.092999557,0.992311644,0.22227253,0.0,0.0,0.0,1.0,0.0,0.0,0.0,0.0,0.0,0.0,0.0,0.0,0.0,0.0,0.0,0.0,0.0,0.0,0.0,0.0,1.0,1
29.0,154.05,102.0,15.0,396.0,6.8,73.7,1.90995161,-0.117260755,-0.063631183,0.055554519,0.0,0.0,0.0,1.0,0.0,0.0,0.0,0.0,0.0,0.0,0.0,0.0,0.0,0.0,0.0,0.0,0.0,0.0,0.0,0.0,1.0,0
24.0,6961.56,1083.0,133.0,695.0,8.142857143,1103.43,0.240605256,-0.121702645,-0.591602597,-3.117955287,0.0,0.0,0.0,1.0,0.0,0.0,0.0,0.0,0.0,0.0,0.0,0.0,0.0,0.0,0.0,0.0,0.0,0.0,0.0,0.0,1.0,0
30.0,5915.24,558.0,83.0,328.0,6.722891566,1330.19,1.631727217,0.119076504,-0.239621654,-1.394200493,0.0,0.0,0.0,0.0,0.0,0.0,0.0,1.0,0.0,0.0,0.0,0.0,0.0,0.0,0.0,0.0,0.0,0.0,0.0,0.0,1.0,1
27.0,64071.9286,939.0,249.0,572.0,3.771084337,-152.8414,-0.371931204,0.230161541,1.344292586,0.255651339,0.0,0.0,0.0,1.0,0.0,0.0,0.0,0.0,0.0,0.0,0.0,0.0,0.0,0.0,0.0,0.0,0.0,0.0,0.0,0.0,1.0,0
43.0,48.4344,31.0,19.0,47.0,1.631578947,-2.3165,-0.448414399,-0.253387093,0.992311644,0.270069739,0.0,0.0,0.0,0.0,0.0,0.0,0.0,0.0,0.0,0.0,0.0,0.0,0.0,0.0,0.0,0.0,0.0,0.0,1.0,0.0,1.0,1
29.0,15052.7173,639.0,75.0,707.0,8.52,380.7973,0.01674655,-0.077130033,-0.415612125,0.902753583,0.0,0.0,0.0,0.0,0.0,0.0,0.0,0.0,0.0,0.0,0.0,0.0,0.0,0.0,0.0,1.0,0.0,0.0,0.0,0.0,1.0,1
29.0,5348.4135,874.0,78.0,646.0,11.20512821,78.8837,1.362679642,0.232751169,3.104197297,0.313076345,0.0,0.0,0.0,0.0,0.0,0.0,0.0,0.0,0.0,0.0,0.0,1.0,0.0,0.0,0.0,0.0,0.0,0.0,0.0,0.0,1.0,1
32.0,3294.71,360.0,73.0,543.0,4.931506849,-25.1,0.03913242,0.062809037,2.576225884,0.02422886,0.0,0.0,0.0,1.0,0.0,0.0,0.0,0.0,0.0,0.0,0.0,0.0,0.0,0.0,0.0,0.0,0.0,0.0,0.0,0.0,1.0,0
33.0,829.82,11.0,7.0,148.0,1.571428571,-231.34,-0.50772242,0.418126906,-0.063631183,0.471108931,0.0,0.0,0.0,0.0,0.0,0.0,1.0,0.0,0.0,0.0,0.0,0.0,0.0,0.0,0.0,0.0,0.0,0.0,0.0,0.0,1.0,0
24.0,3458.89,328.0,23.0,66.0,14.26086957,42.5,1.663707033,0.69199598,1.168302115,0.246240031,0.0,0.0,0.0,1.0,0.0,0.0,0.0,0.0,0.0,0.0,0.0,0.0,0.0,0.0,0.0,0.0,0.0,0.0,0.0,0.0,1.0,0
32.0,814.55,229.0,28.0,77.0,8.178571429,148.29,1.381218665,-0.092942945,2.224244941,0.134739712,0.0,0.0,0.0,1.0,0.0,0.0,0.0,0.0,0.0,0.0,0.0,0.0,0.0,0.0,0.0,0.0,0.0,0.0,0.0,0.0,1.0,0
18.0,1525.96,413.0,44.0,505.0,9.386363636,333.6,1.018780759,-0.157293221,2.224244941,0.040694136,0.0,0.0,0.0,1.0,0.0,0.0,0.0,0.0,0.0,0.0,0.0,0.0,0.0,0.0,0.0,0.0,0.0,0.0,0.0,0.0,1.0,1
24.0,96.2584,111.0,29.0,199.0,3.827586207,-1.6191,-0.033507446,-0.245692141,1.520283057,-0.012832274,0.0,0.0,0.0,0.0,0.0,0.0,0.0,0.0,0.0,0.0,0.0,0.0,0.0,0.0,0.0,0.0,0.0,0.0,1.0,0.0,1.0,1
21.0,144.92,32.0,8.0,154.0,4.0,6.42,-0.143152526,-0.192104173,-0.239621654,1.033292576,0.0,0.0,0.0,1.0,0.0,0.0,0.0,0.0,0.0,0.0,0.0,0.0,0.0,0.0,0.0,0.0,0.0,0.0,0.0,0.0,1.0,1
26.0,161414.278,3276.0,309.0,481.0,10.60194175,7917.048,-0.430970863,0.109746692,-0.591602597,2.375711925,0.0,0.0,0.0,0.0,0.0,0.0,0.0,0.0,0.0,0.0,0.0,0.0,0.0,0.0,0.0,1.0,0.0,0.0,0.0,0.0,1.0,0
19.0,576.83,96.0,36.0,183.0,2.666666667,-38.99,-0.215107111,-0.212435138,1.872263999,0.096373079,0.0,0.0,0.0,1.0,0.0,0.0,0.0,0.0,0.0,0.0,0.0,0.0,0.0,0.0,0.0,0.0,0.0,0.0,0.0,0.0,1.0,1
39.0,548.58,29.0,12.0,49.0,2.416666667,53.86,-0.45229074,0.088906815,0.640330701,0.124097737,0.0,0.0,0.0,0.0,0.0,0.0,0.0,0.0,0.0,0.0,0.0,0.0,1.0,0.0,0.0,0.0,0.0,0.0,0.0,0.0,1.0,1
27.0,2599.0709,178.0,68.0,388.0,2.617647059,89.9604,-0.121012654,-0.191247527,1.344292586,-0.117690198,0.0,0.0,0.0,0.0,0.0,0.0,0.0,0.0,0.0,0.0,0.0,0.0,0.0,0.0,0.0,0.0,0.0,0.0,1.0,0.0,1.0,0
37.0,10380.422,871.0,148.0,306.0,5.885135135,1331.462,1.362358774,0.361027671,3.63216871,0.027123776,0.0,0.0,0.0,1.0,0.0,0.0,0.0,0.0,0.0,0.0,0.0,0.0,0.0,0.0,0.0,0.0,0.0,0.0,0.0,0.0,1.0,1
37.0,72.88,36.0,16.0,373.0,2.25,8.42,-0.239091972,-0.203495769,-0.591602597,-1.756778802,0.0,0.0,0.0,1.0,0.0,0.0,0.0,0.0,0.0,0.0,0.0,0.0,0.0,0.0,0.0,0.0,0.0,0.0,0.0,0.0,1.0,0
22.0,1173.46,41.0,20.0,373.0,2.05,-17.03,-0.458382133,0.363618192,0.288349759,0.368655826,0.0,0.0,0.0,1.0,0.0,0.0,0.0,0.0,0.0,0.0,0.0,0.0,0.0,0.0,0.0,0.0,0.0,0.0,0.0,0.0,1.0,0
27.0,119.5,41.0,8.0,286.0,5.125,-3.79,0.208625441,-0.200622563,0.112359288,-0.178455965,0.0,0.0,0.0,1.0,0.0,0.0,0.0,0.0,0.0,0.0,0.0,0.0,0.0,0.0,0.0,0.0,0.0,0.0,0.0,0.0,1.0,0
22.0,186.766,119.0,9.0,220.0,13.22222222,-30.4375,1.967515277,-0.19503932,0.46434023,0.113340416,0.0,0.0,0.0,0.0,0.0,0.0,0.0,0.0,0.0,0.0,0.0,1.0,0.0,0.0,0.0,0.0,0.0,0.0,0.0,0.0,1.0,1
23.0,85.8018,131.0,19.0,50.0,6.894736842,5.1491,0.784262115,-0.232544094,1.168302115,-0.135653347,0.0,0.0,0.0,0.0,0.0,0.0,0.0,0.0,0.0,0.0,0.0,1.0,0.0,0.0,0.0,0.0,0.0,0.0,0.0,0.0,1.0,0
22.0,18.01,19.0,11.0,171.0,1.727272727,0.33,-0.574880032,-0.265970695,-0.239621654,-0.108680664,0.0,0.0,0.0,1.0,0.0,0.0,0.0,0.0,0.0,0.0,0.0,0.0,0.0,0.0,0.0,0.0,0.0,0.0,0.0,0.0,0.0,0
19.0,378.1,75.0,13.0,361.0,5.769230769,84.0,-0.143152526,-0.160193527,-0.591602597,1.828757758,0.0,0.0,0.0,1.0,0.0,0.0,0.0,0.0,0.0,0.0,0.0,0.0,0.0,0.0,0.0,0.0,0.0,0.0,0.0,0.0,1.0,1
20.0,1690.97,101.0,41.0,358.0,2.463414634,2.85,-0.008837302,0.274580764,1.696273528,0.014582815,0.0,0.0,0.0,1.0,0.0,0.0,0.0,0.0,0.0,0.0,0.0,0.0,0.0,0.0,0.0,0.0,0.0,0.0,0.0,0.0,1.0,0
18.0,54224.75,2194.0,107.0,412.0,20.5046729,1294.66,4.395521246,4.065751755,3.63216871,0.277500407,0.0,0.0,0.0,1.0,0.0,0.0,0.0,0.0,0.0,0.0,0.0,0.0,0.0,0.0,0.0,0.0,0.0,0.0,0.0,0.0,1.0,1
22.0,5911.05,350.0,40.0,376.0,8.75,1043.2,-0.111172711,0.349374686,0.640330701,-0.220927769,0.0,0.0,0.0,1.0,0.0,0.0,0.0,0.0,0.0,0.0,0.0,0.0,0.0,0.0,0.0,0.0,0.0,0.0,0.0,0.0,1.0,1
28.0,216.0194,270.0,38.0,97.0,7.105263158,19.6785,0.493536522,-0.227255388,0.992311644,-0.013145482,0.0,0.0,0.0,0.0,0.0,0.0,0.0,0.0,0.0,0.0,0.0,1.0,0.0,0.0,0.0,0.0,0.0,0.0,0.0,0.0,1.0,1
22.0,217.5515,15.0,14.0,358.0,1.071428571,128.9171,-0.622849754,-0.255151906,-0.591602597,1.976718021,0.0,1.0,0.0,0.0,0.0,0.0,0.0,0.0,0.0,0.0,0.0,0.0,0.0,0.0,0.0,0.0,0.0,0.0,0.0,0.0,1.0,0
47.0,12660.13,752.0,96.0,410.0,7.833333333,925.74,1.350761698,0.299027484,2.752216355,0.034049634,0.0,0.0,1.0,0.0,0.0,0.0,0.0,0.0,0.0,0.0,0.0,0.0,0.0,0.0,0.0,0.0,0.0,0.0,0.0,0.0,0.0,0
19.0,84.41,47.0,17.0,326.0,2.764705882,23.4,-0.335031418,-0.196389122,0.112359288,-0.540727023,0.0,0.0,0.0,1.0,0.0,0.0,0.0,0.0,0.0,0.0,0.0,0.0,0.0,0.0,0.0,0.0,0.0,0.0,0.0,0.0,1.0,0
21.0,1247.6,1932.0,121.0,213.0,15.96694215,134.72,0.208625441,-0.232556859,1.696273528,0.263528517,0.0,0.0,1.0,0.0,0.0,0.0,0.0,0.0,0.0,0.0,0.0,0.0,0.0,0.0,0.0,0.0,0.0,0.0,0.0,0.0,1.0,1
29.0,864.44,47.0,10.0,336.0,4.7,200.52,1.295939158,0.972996356,-0.591602597,5.830177948,0.0,0.0,0.0,1.0,0.0,0.0,0.0,0.0,0.0,0.0,0.0,0.0,0.0,0.0,0.0,0.0,0.0,0.0,0.0,0.0,1.0,0
22.0,544.01,138.0,16.0,162.0,8.625,154.76,0.848221745,0.232871589,-0.415612125,2.059748826,0.0,0.0,0.0,1.0,0.0,0.0,0.0,0.0,0.0,0.0,0.0,0.0,0.0,0.0,0.0,0.0,0.0,0.0,0.0,0.0,1.0,0
32.0,37916.07,543.0,82.0,140.0,6.62195122,-46.64,0.246248753,4.205000399,2.04825447,0.694913373,0.0,0.0,0.0,0.0,0.0,0.0,1.0,0.0,0.0,0.0,0.0,0.0,0.0,0.0,0.0,0.0,0.0,0.0,0.0,0.0,1.0,1
18.0,1044.59,220.0,25.0,297.0,8.8,16.15,0.912181375,-0.028698227,0.288349759,0.566965728,0.0,0.0,0.0,1.0,0.0,0.0,0.0,0.0,0.0,0.0,0.0,0.0,0.0,0.0,0.0,0.0,0.0,0.0,0.0,0.0,1.0,1
20.0,2191.8286,333.0,159.0,478.0,2.094339623,282.5122,-0.458382133,-0.144034657,1.520283057,0.278421192,0.0,0.0,0.0,0.0,0.0,0.0,0.0,0.0,0.0,0.0,0.0,0.0,0.0,0.0,0.0,0.0,0.0,0.0,1.0,0.0,1.0,0
62.0,1012.5148,719.0,210.0,316.0,3.423809524,290.7075,0.164515351,-0.206563928,4.160140124,0.027535005,0.0,0.0,0.0,0.0,0.0,0.0,0.0,0.0,0.0,0.0,0.0,0.0,0.0,0.0,0.0,0.0,0.0,1.0,0.0,0.0,0.0,0
18.0,172.72,106.0,26.0,572.0,4.076923077,15.91,0.096696088,-0.254779033,-0.239621654,-0.405315504,0.0,0.0,0.0,1.0,0.0,0.0,0.0,0.0,0.0,0.0,0.0,0.0,0.0,0.0,0.0,0.0,0.0,0.0,0.0,0.0,1.0,0
29.0,10063.2849,1588.0,87.0,265.0,18.25287356,494.6749,3.757282176,1.161671166,4.160140124,0.233275179,0.0,0.0,0.0,0.0,0.0,0.0,0.0,0.0,0.0,0.0,0.0,0.0,0.0,0.0,0.0,0.0,0.0,0.0,1.0,0.0,1.0,0
41.0,72.5,16.0,11.0,347.0,1.454545455,64.78,-0.478940586,-0.245592071,-0.239621654,-0.283916194,0.0,0.0,0.0,1.0,0.0,0.0,0.0,0.0,0.0,0.0,0.0,0.0,0.0,0.0,0.0,0.0,0.0,0.0,0.0,0.0,1.0,0
32.0,3963.43,127.0,15.0,527.0,8.466666667,930.75,-0.584473976,-0.127259955,-0.063631183,0.772570781,0.0,0.0,0.0,1.0,0.0,0.0,0.0,0.0,0.0,0.0,0.0,0.0,0.0,0.0,0.0,0.0,0.0,0.0,0.0,0.0,1.0,1
21.0,70754.4684,247.0,62.0,156.0,3.983870968,1368.8184,-0.093264015,4.221873164,3.456178239,0.19022105,0.0,0.0,0.0,0.0,0.0,0.0,0.0,0.0,0.0,0.0,0.0,0.0,1.0,0.0,0.0,0.0,0.0,0.0,0.0,0.0,1.0,1
23.0,30.49,14.0,7.0,141.0,2.0,17.14,-0.354219307,-0.234923366,-0.063631183,0.396670052,0.0,0.0,0.0,0.0,0.0,0.0,0.0,0.0,0.0,0.0,0.0,0.0,1.0,0.0,0.0,0.0,0.0,0.0,0.0,0.0,1.0,0
27.0,833.0321,169.0,34.0,580.0,4.970588235,28.3532,-0.430970863,-0.209344534,0.112359288,-0.318350809,0.0,0.0,0.0,0.0,0.0,0.0,0.0,0.0,0.0,0.0,0.0,1.0,0.0,0.0,0.0,0.0,0.0,0.0,0.0,0.0,1.0,0
43.0,27659.02,2785.0,360.0,439.0,7.736111111,5916.64,0.595164077,0.157104586,3.104197297,0.161034312,0.0,0.0,0.0,0.0,1.0,0.0,0.0,0.0,0.0,0.0,0.0,0.0,0.0,0.0,0.0,0.0,0.0,0.0,0.0,0.0,1.0,0
29.0,2163.92,150.0,18.0,196.0,8.333333333,255.1,1.008120821,0.283322239,-0.591602597,0.716361745,0.0,0.0,0.0,1.0,0.0,0.0,0.0,0.0,0.0,0.0,0.0,0.0,0.0,0.0,0.0,0.0,0.0,0.0,0.0,0.0,1.0,0
30.0,2199.38,74.0,22.0,41.0,3.363636364,345.78,-0.132492588,0.367084547,2.224244941,0.122868185,0.0,0.0,0.0,0.0,0.0,0.0,0.0,0.0,0.0,0.0,0.0,0.0,0.0,0.0,0.0,1.0,0.0,0.0,0.0,0.0,1.0,1
17.0,109.89,74.0,10.0,266.0,7.4,16.77,0.741622361,-0.200383372,0.640330701,0.291556417,0.0,0.0,0.0,1.0,0.0,0.0,0.0,0.0,0.0,0.0,0.0,0.0,0.0,0.0,0.0,0.0,0.0,0.0,0.0,0.0,1.0,0
21.0,19562.3387,356.0,141.0,370.0,2.524822695,1491.4387,-0.519530351,0.131407641,1.344292586,0.148207475,0.0,0.0,1.0,0.0,0.0,0.0,0.0,0.0,0.0,0.0,0.0,0.0,0.0,0.0,0.0,0.0,0.0,0.0,0.0,0.0,1.0,1
41.0,4187.74,601.0,63.0,246.0,9.53968254,471.76,1.374948113,-0.141323384,2.04825447,0.290205712,0.0,0.0,0.0,1.0,0.0,0.0,0.0,0.0,0.0,0.0,0.0,0.0,0.0,0.0,0.0,0.0,0.0,0.0,0.0,0.0,1.0,0
21.0,282.31,58.0,15.0,352.0,3.866666667,-2.48,-0.023228219,-0.016256167,0.46434023,0.417581574,0.0,0.0,0.0,0.0,0.0,0.0,0.0,0.0,0.0,0.0,0.0,0.0,0.0,0.0,0.0,1.0,0.0,0.0,0.0,0.0,1.0,0
37.0,49.0,25.0,17.0,550.0,1.470588235,39.2,-0.38300114,-0.25364824,-0.239621654,0.273726363,0.0,0.0,0.0,1.0,0.0,0.0,0.0,0.0,0.0,0.0,0.0,0.0,0.0,0.0,0.0,0.0,0.0,0.0,0.0,0.0,1.0,0
25.0,1576.05,33.0,21.0,210.0,1.571428571,67.6,-0.622849754,-0.198913521,-0.591602597,2.032513431,0.0,0.0,0.0,1.0,0.0,0.0,0.0,0.0,0.0,0.0,0.0,0.0,0.0,0.0,0.0,0.0,0.0,0.0,0.0,0.0,1.0,0
36.0,22.0,19.0,6.0,117.0,3.166666667,12.0,-0.095182804,-0.253278158,-0.239621654,-0.045789629,0.0,0.0,0.0,1.0,0.0,0.0,0.0,0.0,0.0,0.0,0.0,0.0,0.0,0.0,0.0,0.0,0.0,0.0,0.0,0.0,1.0,0
19.0,336.72,76.0,6.0,299.0,12.66666667,176.03,3.21472807,0.467353693,-0.415612125,1.705757923,0.0,0.0,0.0,0.0,1.0,0.0,0.0,0.0,0.0,0.0,0.0,0.0,0.0,0.0,0.0,0.0,0.0,0.0,0.0,0.0,1.0,0
41.0,12.2843,10.0,7.0,31.0,1.428571429,9.8035,-0.540615944,-0.259684459,0.288349759,0.122283614,0.0,1.0,0.0,0.0,0.0,0.0,0.0,0.0,0.0,0.0,0.0,0.0,0.0,0.0,0.0,0.0,0.0,0.0,0.0,0.0,0.0,0
34.0,82.67,39.0,12.0,83.0,3.25,12.04,0.024741503,-0.20772852,0.46434023,-0.267563257,0.0,0.0,0.0,0.0,0.0,0.0,1.0,0.0,0.0,0.0,0.0,0.0,0.0,0.0,0.0,0.0,0.0,0.0,0.0,0.0,1.0,0
40.0,29.0,9.0,9.0,126.0,1.0,0.6,-0.622849754,-0.26054845,-0.063631183,0.173285783,0.0,0.0,0.0,1.0,0.0,0.0,0.0,0.0,0.0,0.0,0.0,0.0,0.0,0.0,0.0,0.0,0.0,0.0,0.0,0.0,1.0,1
19.0,199.576,56.0,17.0,440.0,3.294117647,42.5139,0.048726365,-0.143930354,0.816321172,-0.190488748,0.0,0.0,0.0,0.0,0.0,0.0,0.0,0.0,0.0,0.0,0.0,0.0,0.0,0.0,0.0,0.0,0.0,0.0,1.0,0.0,1.0,1
21.0,167.52,58.0,15.0,47.0,3.866666667,32.59,-0.023228219,-0.153072575,0.46434023,-0.040887783,0.0,0.0,0.0,0.0,0.0,0.0,0.0,0.0,0.0,0.0,0.0,0.0,0.0,0.0,0.0,1.0,0.0,0.0,0.0,0.0,1.0,0
35.0,327.01,125.0,50.0,424.0,2.5,97.13,-0.558890124,-0.244282267,-0.415612125,-0.736085956,0.0,0.0,0.0,1.0,0.0,0.0,0.0,0.0,0.0,0.0,0.0,0.0,0.0,0.0,0.0,0.0,0.0,0.0,0.0,0.0,0.0,0
25.0,492.32,47.0,18.0,292.0,2.611111111,127.32,-0.494930494,-0.183350482,-0.415612125,-0.828107841,0.0,0.0,0.0,0.0,1.0,0.0,0.0,0.0,0.0,0.0,0.0,0.0,0.0,0.0,0.0,0.0,0.0,0.0,0.0,0.0,1.0,1
18.0,16.62,18.0,10.0,387.0,1.8,4.45,-0.462950678,-0.261324699,0.112359288,-0.028433419,0.0,0.0,0.0,1.0,0.0,0.0,0.0,0.0,0.0,0.0,0.0,0.0,0.0,0.0,0.0,0.0,0.0,0.0,0.0,0.0,1.0,0
18.0,90.57,28.0,24.0,492.0,1.166666667,-17.56,-0.584473976,-0.241888646,-0.063631183,0.548971194,0.0,0.0,0.0,1.0,0.0,0.0,0.0,0.0,0.0,0.0,0.0,0.0,0.0,0.0,0.0,0.0,0.0,0.0,0.0,0.0,1.0,0
60.0,72.5478,57.0,18.0,80.0,3.166666667,15.0701,-0.143152526,-0.251734635,1.168302115,-0.133368148,0.0,1.0,0.0,0.0,0.0,0.0,0.0,0.0,0.0,0.0,0.0,0.0,0.0,0.0,0.0,0.0,0.0,0.0,0.0,0.0,1.0,0
18.0,1562.59,61.0,10.0,216.0,6.1,103.4,0.01674655,0.44069481,0.112359288,0.43677377,0.0,0.0,0.0,1.0,0.0,0.0,0.0,0.0,0.0,0.0,0.0,0.0,0.0,0.0,0.0,0.0,0.0,0.0,0.0,0.0,0.0,1
29.0,1698.93,733.0,158.0,388.0,4.639240506,63.27,0.324552271,-0.073894859,1.872263999,0.227369834,0.0,0.0,1.0,0.0,0.0,0.0,0.0,0.0,0.0,0.0,0.0,0.0,0.0,0.0,0.0,0.0,0.0,0.0,0.0,0.0,1.0,1
56.0,9376.8019,365.0,129.0,489.0,2.829457364,691.8519,-0.215107111,-0.125919206,1.872263999,0.020233625,0.0,0.0,0.0,0.0,0.0,0.0,0.0,0.0,0.0,0.0,0.0,0.0,0.0,0.0,1.0,0.0,0.0,0.0,0.0,0.0,1.0,1
24.0,113.43,36.0,27.0,383.0,1.333333333,4.0,-0.622849754,-0.260009041,0.288349759,0.231603665,0.0,0.0,0.0,1.0,0.0,0.0,0.0,0.0,0.0,0.0,0.0,0.0,0.0,0.0,0.0,0.0,0.0,0.0,0.0,0.0,1.0,1
18.0,113606.3281,3270.0,323.0,708.0,10.12383901,878.2281,0.624363038,-0.144538109,0.816321172,-0.300770919,0.0,0.0,0.0,1.0,0.0,0.0,0.0,0.0,0.0,0.0,0.0,0.0,0.0,0.0,0.0,0.0,0.0,0.0,0.0,0.0,1.0,1
33.0,218721.37,1868.0,175.0,549.0,10.67428571,19495.3,1.165735624,6.770470725,3.984149653,0.092887265,0.0,0.0,0.0,1.0,0.0,0.0,0.0,0.0,0.0,0.0,0.0,0.0,0.0,0.0,0.0,0.0,0.0,0.0,0.0,0.0,1.0,0
23.0,2010.96,139.0,29.0,72.0,4.793103448,63.94,0.074891668,-0.083357037,0.992311644,-0.06536797,0.0,0.0,0.0,0.0,0.0,0.0,0.0,0.0,0.0,0.0,0.0,0.0,0.0,0.0,0.0,1.0,0.0,0.0,0.0,0.0,1.0,0
46.0,196.0,201.0,50.0,235.0,4.02,54.08,0.225845341,-0.235824025,3.63216871,0.092202221,0.0,0.0,0.0,1.0,0.0,0.0,0.0,0.0,0.0,0.0,0.0,0.0,0.0,0.0,0.0,0.0,0.0,0.0,0.0,0.0,1.0,0
25.0,269.133,85.0,9.0,124.0,9.444444444,118.3404,1.794824275,-0.031065647,-0.063631183,0.45326275,0.0,0.0,0.0,0.0,0.0,0.0,0.0,0.0,0.0,0.0,0.0,0.0,0.0,0.0,0.0,0.0,0.0,0.0,1.0,0.0,1.0,0
31.0,4.6509,5.0,4.0,42.0,1.25,4.6509,-0.558890124,-0.261623753,-0.415612125,-0.762430744,0.0,0.0,0.0,0.0,0.0,0.0,0.0,0.0,0.0,0.0,1.0,0.0,0.0,0.0,0.0,0.0,0.0,0.0,0.0,0.0,1.0,1
28.0,55.1044,50.0,5.0,58.0,10.0,25.234,2.063454723,-0.18396577,-0.591602597,-1.17718522,0.0,0.0,0.0,0.0,0.0,0.0,0.0,0.0,0.0,0.0,0.0,0.0,0.0,0.0,0.0,0.0,0.0,0.0,1.0,0.0,1.0,1
37.0,78.0,27.0,5.0,96.0,5.4,16.1,0.592383223,-0.19404544,-0.415612125,0.013154048,0.0,0.0,0.0,1.0,0.0,0.0,0.0,0.0,0.0,0.0,0.0,0.0,0.0,0.0,0.0,0.0,0.0,0.0,0.0,0.0,1.0,1
23.0,1395.59,76.0,8.0,159.0,9.5,115.63,1.551777679,1.271742236,0.112359288,1.062309836,0.0,0.0,0.0,1.0,0.0,0.0,0.0,0.0,0.0,0.0,0.0,0.0,0.0,0.0,0.0,0.0,0.0,0.0,0.0,0.0,1.0,0
18.0,49971.48,2295.0,117.0,538.0,19.61538462,1722.97,0.755189555,0.096584577,0.992311644,0.326945152,0.0,0.0,0.0,1.0,0.0,0.0,0.0,0.0,0.0,0.0,0.0,0.0,0.0,0.0,0.0,0.0,0.0,0.0,0.0,0.0,1.0,0
25.0,42.86,34.0,10.0,187.0,3.4,7.63,-0.175132342,-0.249576158,0.640330701,-0.281970694,0.0,0.0,0.0,0.0,0.0,0.0,1.0,0.0,0.0,0.0,0.0,0.0,0.0,0.0,0.0,0.0,0.0,0.0,0.0,0.0,1.0,0
40.0,3457.79,5196.0,251.0,551.0,20.70119522,1173.36,6.67920805,-0.072078242,2.224244941,0.006701564,0.0,0.0,0.0,1.0,0.0,0.0,0.0,0.0,0.0,0.0,0.0,0.0,0.0,0.0,0.0,0.0,0.0,0.0,0.0,0.0,1.0,0
24.0,58.6,42.0,19.0,393.0,2.210526316,-1.26,-0.392595085,-0.253786412,-0.063631183,-0.717460426,0.0,0.0,0.0,1.0,0.0,0.0,0.0,0.0,0.0,0.0,0.0,0.0,0.0,0.0,0.0,0.0,0.0,0.0,0.0,0.0,1.0,0
22.0,247.33,105.0,32.0,79.0,3.28125,39.77,-0.143152526,-0.210660208,1.168302115,-0.276573239,0.0,0.0,0.0,1.0,0.0,0.0,0.0,0.0,0.0,0.0,0.0,0.0,0.0,0.0,0.0,0.0,0.0,0.0,0.0,0.0,1.0,0
21.0,2751.1,68.0,13.0,346.0,5.230769231,212.84,0.240605256,1.977200921,0.112359288,-0.16231438,0.0,0.0,0.0,1.0,0.0,0.0,0.0,0.0,0.0,0.0,0.0,0.0,0.0,0.0,0.0,0.0,0.0,0.0,0.0,0.0,1.0,1
18.0,212.41,273.0,41.0,80.0,6.658536585,21.93,1.104060267,-0.208867551,0.46434023,-0.198113194,0.0,0.0,0.0,1.0,0.0,0.0,0.0,0.0,0.0,0.0,0.0,0.0,0.0,0.0,0.0,0.0,0.0,0.0,0.0,0.0,1.0,1
27.0,327.4783,48.0,13.0,534.0,3.692307692,30.4183,-0.494930494,-0.180283586,-0.415612125,0.14436406,0.0,0.0,0.0,0.0,0.0,0.0,0.0,0.0,0.0,0.0,0.0,0.0,0.0,0.0,1.0,0.0,0.0,0.0,0.0,0.0,1.0,0
22.0,1707.75,200.0,13.0,280.0,15.38461538,140.08,-0.430970863,-0.251609371,-0.591602597,-1.992210654,0.0,0.0,0.0,1.0,0.0,0.0,0.0,0.0,0.0,0.0,0.0,0.0,0.0,0.0,0.0,0.0,0.0,0.0,0.0,0.0,0.0,0
29.0,9807.77,351.0,33.0,566.0,10.63636364,1204.42,1.295939158,5.195275228,0.640330701,0.675765925,0.0,0.0,0.0,1.0,0.0,0.0,0.0,0.0,0.0,0.0,0.0,0.0,0.0,0.0,0.0,0.0,0.0,0.0,0.0,0.0,1.0,1
39.0,52969.5029,3880.0,281.0,534.0,13.80782918,11630.8476,-0.526910309,-0.23686049,-0.591602597,-0.462445025,0.0,1.0,0.0,0.0,0.0,0.0,0.0,0.0,0.0,0.0,0.0,0.0,0.0,0.0,0.0,0.0,0.0,0.0,0.0,0.0,1.0,0
18.0,46.3,72.0,38.0,322.0,1.894736842,1.95,-0.405387011,-0.259385694,1.696273528,0.079677816,0.0,0.0,0.0,1.0,0.0,0.0,0.0,0.0,0.0,0.0,0.0,0.0,0.0,0.0,0.0,0.0,0.0,0.0,0.0,0.0,1.0,1
49.0,98563.48,1284.0,91.0,328.0,14.10989011,9775.74,0.528423593,0.080824599,-0.239621654,-0.009462619,0.0,0.0,0.0,1.0,0.0,0.0,0.0,0.0,0.0,0.0,0.0,0.0,0.0,0.0,0.0,0.0,0.0,0.0,0.0,0.0,1.0,0
29.0,8542.61,934.0,106.0,730.0,8.811320755,350.23,3.875644251,0.138323591,0.640330701,0.242090013,0.0,0.0,0.0,1.0,0.0,0.0,0.0,0.0,0.0,0.0,0.0,0.0,0.0,0.0,0.0,0.0,0.0,0.0,0.0,0.0,1.0,0
24.0,216.0188,76.0,14.0,290.0,5.428571429,-18.4088,0.336544702,-0.234553747,-0.415612125,-0.029120692,0.0,0.0,0.0,0.0,0.0,0.0,0.0,0.0,0.0,0.0,0.0,0.0,0.0,0.0,0.0,0.0,0.0,1.0,0.0,0.0,1.0,1
46.0,135.88,95.0,30.0,141.0,3.166666667,53.6,-0.196452218,-0.240201065,0.640330701,0.005689096,0.0,0.0,0.0,1.0,0.0,0.0,0.0,0.0,0.0,0.0,0.0,0.0,0.0,0.0,0.0,0.0,0.0,0.0,0.0,0.0,0.0,1
18.0,36.39,32.0,11.0,50.0,2.909090909,21.26,-0.367011233,-0.260164459,-0.415612125,0.10215541,0.0,0.0,0.0,1.0,0.0,0.0,0.0,0.0,0.0,0.0,0.0,0.0,0.0,0.0,0.0,0.0,0.0,0.0,0.0,0.0,1.0,0
33.0,60.0,7.0,6.0,267.0,1.166666667,-6.73,-0.622849754,-0.230233341,-0.415612125,0.10215541,0.0,0.0,0.0,1.0,0.0,0.0,0.0,0.0,0.0,0.0,0.0,0.0,0.0,0.0,0.0,0.0,0.0,0.0,0.0,0.0,1.0,0
36.0,46416.335,8435.0,487.0,734.0,17.32032854,1205.635,1.072080451,-0.218867393,2.224244941,0.178465118,0.0,0.0,0.0,1.0,0.0,0.0,0.0,0.0,0.0,0.0,0.0,0.0,0.0,0.0,0.0,0.0,0.0,0.0,0.0,0.0,1.0,0
40.0,3936.0,1158.0,138.0,585.0,8.391304348,1273.63,0.792257068,-0.012676207,3.280187768,0.16892557,0.0,0.0,0.0,1.0,0.0,0.0,0.0,0.0,0.0,0.0,0.0,0.0,0.0,0.0,0.0,0.0,0.0,0.0,0.0,0.0,1.0,1
27.0,64.17,77.0,20.0,331.0,3.85,23.56,-0.156858161,-0.254290903,0.288349759,-0.074235901,0.0,0.0,0.0,1.0,0.0,0.0,0.0,0.0,0.0,0.0,0.0,0.0,0.0,0.0,0.0,0.0,0.0,0.0,0.0,0.0,1.0,0
25.0,150.69,43.0,13.0,90.0,3.307692308,-20.06,0.048726365,-0.144085253,0.46434023,-0.349612857,0.0,0.0,0.0,1.0,0.0,0.0,0.0,0.0,0.0,0.0,0.0,0.0,0.0,0.0,0.0,0.0,0.0,0.0,0.0,0.0,1.0,1
37.0,30894.31,4538.0,346.0,520.0,13.11560694,9010.49,2.136236371,0.19246168,4.160140124,0.253037759,0.0,0.0,0.0,1.0,0.0,0.0,0.0,0.0,0.0,0.0,0.0,0.0,0.0,0.0,0.0,0.0,0.0,0.0,0.0,0.0,1.0,0
24.0,588.59,99.0,48.0,177.0,2.0625,102.02,-0.27746775,-0.253481198,-0.063631183,0.200877778,0.0,0.0,0.0,1.0,0.0,0.0,0.0,0.0,0.0,0.0,0.0,0.0,0.0,0.0,0.0,0.0,0.0,0.0,0.0,0.0,1.0,0
24.0,21915.09,2497.0,120.0,466.0,20.80833333,2583.31,1.186294077,-0.102682777,0.288349759,0.923258286,0.0,0.0,0.0,1.0,0.0,0.0,0.0,0.0,0.0,0.0,0.0,0.0,0.0,0.0,0.0,0.0,0.0,0.0,0.0,0.0,1.0,0
32.0,52336.13,4289.0,341.0,716.0,12.57771261,6574.99,-0.465857934,0.001339189,0.992311644,0.091512551,0.0,0.0,0.0,0.0,0.0,0.0,1.0,0.0,0.0,0.0,0.0,0.0,0.0,0.0,0.0,0.0,0.0,0.0,0.0,0.0,1.0,0
20.0,512.258,12.0,10.0,404.0,1.2,53.2318,-0.546098198,-0.02577795,-0.063631183,-0.437261977,0.0,0.0,0.0,0.0,0.0,0.0,0.0,0.0,0.0,0.0,0.0,1.0,0.0,0.0,0.0,0.0,0.0,0.0,0.0,0.0,1.0,0
24.0,110.2811,35.0,13.0,170.0,2.692307692,24.3497,-0.315843528,-0.238996186,0.816321172,0.072075789,0.0,0.0,0.0,0.0,0.0,0.0,0.0,0.0,0.0,0.0,0.0,1.0,0.0,0.0,0.0,0.0,0.0,0.0,0.0,0.0,1.0,0
18.0,33.82,22.0,11.0,371.0,2.0,3.27,-0.303051602,-0.214868442,-0.415612125,1.267627162,0.0,0.0,0.0,1.0,0.0,0.0,0.0,0.0,0.0,0.0,0.0,0.0,0.0,0.0,0.0,0.0,0.0,0.0,0.0,0.0,1.0,0
30.0,198.54,49.0,41.0,384.0,1.195121951,24.86,-0.622849754,-0.250463809,0.46434023,0.315476202,0.0,0.0,0.0,0.0,1.0,0.0,0.0,0.0,0.0,0.0,0.0,0.0,0.0,0.0,0.0,0.0,0.0,0.0,0.0,0.0,0.0,0
26.0,44637.2501,4347.0,340.0,723.0,12.78529412,2668.3601,0.749084318,0.021888793,2.576225884,0.192060323,0.0,0.0,1.0,0.0,0.0,0.0,0.0,0.0,0.0,0.0,0.0,0.0,0.0,0.0,0.0,0.0,0.0,0.0,0.0,0.0,1.0,0
20.0,76.69,36.0,13.0,253.0,2.769230769,5.51,-0.281731726,-0.245745153,0.640330701,-0.057317108,0.0,0.0,0.0,1.0,0.0,0.0,0.0,0.0,0.0,0.0,0.0,0.0,0.0,0.0,0.0,0.0,0.0,0.0,0.0,0.0,1.0,1
24.0,39056.24,1065.0,194.0,678.0,5.489690722,-86.1,0.125477921,1.741642428,2.576225884,0.011652426,0.0,0.0,0.0,0.0,1.0,0.0,0.0,0.0,0.0,0.0,0.0,0.0,0.0,0.0,0.0,0.0,0.0,0.0,0.0,0.0,1.0,0
26.0,11995.9171,839.0,130.0,555.0,6.453846154,856.7171,1.647717125,0.14796657,1.168302115,0.075200526,0.0,0.0,0.0,1.0,0.0,0.0,0.0,0.0,0.0,0.0,0.0,0.0,0.0,0.0,0.0,0.0,0.0,0.0,0.0,0.0,1.0,0
28.0,1065.0196,54.0,27.0,336.0,2.0,75.0631,-0.454955725,-0.034770024,0.46434023,0.820030059,0.0,0.0,0.0,0.0,0.0,0.0,0.0,0.0,0.0,0.0,0.0,1.0,0.0,0.0,0.0,0.0,0.0,0.0,0.0,0.0,1.0,1
19.0,113.0,5.0,5.0,245.0,1.0,107.42,-0.622849754,-0.247027123,-0.591602597,0.296768181,0.0,0.0,0.0,1.0,0.0,0.0,0.0,0.0,0.0,0.0,0.0,0.0,0.0,0.0,0.0,0.0,0.0,0.0,0.0,0.0,1.0,0
58.0,462.58,220.0,77.0,390.0,2.857142857,8.66,0.048726365,-0.253632525,1.520283057,0.051907081,0.0,0.0,0.0,1.0,0.0,0.0,0.0,0.0,0.0,0.0,0.0,0.0,0.0,0.0,0.0,0.0,0.0,0.0,0.0,0.0,1.0,1
19.0,136.17,218.0,28.0,235.0,7.785714286,9.73,1.02730871,-0.233128856,2.576225884,0.14055533,0.0,0.0,0.0,1.0,0.0,0.0,0.0,0.0,0.0,0.0,0.0,0.0,0.0,0.0,0.0,0.0,0.0,0.0,0.0,0.0,1.0,0
26.0,20.15,10.0,5.0,291.0,2.0,-4.0,-0.367011233,-0.249127359,-0.415612125,0.10215541,0.0,0.0,0.0,1.0,0.0,0.0,0.0,0.0,0.0,0.0,0.0,0.0,0.0,0.0,0.0,0.0,0.0,0.0,0.0,0.0,1.0,0
31.0,17491.5141,1111.0,82.0,549.0,13.54878049,2523.2441,1.399258561,-0.082782684,1.344292586,0.196025037,0.0,0.0,0.0,0.0,0.0,0.0,0.0,0.0,0.0,0.0,0.0,0.0,0.0,0.0,0.0,1.0,0.0,0.0,0.0,0.0,1.0,0
18.0,155.2612,121.0,20.0,474.0,6.05,43.4132,-0.526910309,-0.254418747,-0.591602597,1.067358538,0.0,0.0,0.0,0.0,0.0,0.0,0.0,0.0,0.0,0.0,0.0,0.0,0.0,0.0,0.0,0.0,0.0,0.0,1.0,0.0,1.0,1
39.0,63272.54,3712.0,229.0,525.0,16.20960699,7922.06,1.411066492,1.709789948,2.576225884,0.36211928,0.0,0.0,0.0,1.0,0.0,0.0,0.0,0.0,0.0,0.0,0.0,0.0,0.0,0.0,0.0,0.0,0.0,0.0,0.0,0.0,1.0,0
39.0,1811.94,464.0,77.0,316.0,6.025974026,98.03,-0.085588859,-0.185317992,0.816321172,0.186480309,0.0,0.0,0.0,1.0,0.0,0.0,0.0,0.0,0.0,0.0,0.0,0.0,0.0,0.0,0.0,0.0,0.0,0.0,0.0,0.0,1.0,1
43.0,71616.15,2671.0,171.0,442.0,15.61988304,5081.94,2.539843694,1.198210377,4.160140124,0.115321934,0.0,0.0,0.0,1.0,0.0,0.0,0.0,0.0,0.0,0.0,0.0,0.0,0.0,0.0,0.0,0.0,0.0,0.0,0.0,0.0,1.0,0
22.0,2079.22,211.0,58.0,279.0,3.637931034,570.82,0.473601053,0.302469226,0.288349759,-0.003808445,0.0,0.0,0.0,1.0,0.0,0.0,0.0,0.0,0.0,0.0,0.0,0.0,0.0,0.0,0.0,0.0,0.0,0.0,0.0,0.0,1.0,0
34.0,38280.7988,912.0,67.0,581.0,13.6119403,9288.9988,0.048726365,-0.038534848,-0.591602597,1.846576445,0.0,0.0,0.0,1.0,0.0,0.0,0.0,0.0,0.0,0.0,0.0,0.0,0.0,0.0,0.0,0.0,0.0,0.0,0.0,0.0,1.0,0
19.0,408.42,149.0,28.0,279.0,5.321428571,75.59,0.514717958,-0.228035851,1.520283057,0.162828275,0.0,0.0,0.0,1.0,0.0,0.0,0.0,0.0,0.0,0.0,0.0,0.0,0.0,0.0,0.0,0.0,0.0,0.0,0.0,0.0,1.0,1
19.0,110639.5942,3675.0,300.0,667.0,12.25,5009.6085,1.695686848,1.004090693,3.280187768,0.146546774,0.0,1.0,0.0,0.0,0.0,0.0,0.0,0.0,0.0,0.0,0.0,0.0,0.0,0.0,0.0,0.0,0.0,0.0,0.0,0.0,1.0,0
26.0,59.22,45.0,14.0,392.0,3.214285714,14.0,-0.132492588,-0.251029465,0.640330701,0.025686964,0.0,0.0,0.0,1.0,0.0,0.0,0.0,0.0,0.0,0.0,0.0,0.0,0.0,0.0,0.0,0.0,0.0,0.0,0.0,0.0,1.0,0
38.0,2508.8944,408.0,78.0,334.0,5.230769231,89.9637,0.510149413,-0.038115447,2.752216355,0.257242962,0.0,0.0,0.0,0.0,0.0,0.0,0.0,0.0,0.0,0.0,0.0,0.0,0.0,0.0,0.0,0.0,0.0,0.0,1.0,0.0,1.0,1
21.0,44.23,34.0,20.0,423.0,1.7,5.88,-0.287061695,-0.256580058,-0.239621654,0.161917192,0.0,0.0,0.0,1.0,0.0,0.0,0.0,0.0,0.0,0.0,0.0,0.0,0.0,0.0,0.0,0.0,0.0,0.0,0.0,0.0,1.0,0
25.0,1861.29,156.0,24.0,61.0,6.5,-61.9,0.564971953,0.302529651,2.752216355,0.191517237,0.0,0.0,1.0,0.0,0.0,0.0,0.0,0.0,0.0,0.0,0.0,0.0,0.0,0.0,0.0,0.0,0.0,0.0,0.0,0.0,1.0,1
23.0,8691.44,690.0,56.0,315.0,12.32142857,741.75,0.231883488,-0.203816205,0.992311644,0.116908285,0.0,0.0,0.0,0.0,0.0,0.0,0.0,0.0,0.0,0.0,0.0,0.0,0.0,0.0,0.0,0.0,0.0,0.0,0.0,0.0,1.0,0
26.0,299.28,110.0,17.0,394.0,6.470588235,71.52,0.650528342,-0.184122039,0.992311644,-0.079975727,0.0,0.0,0.0,1.0,0.0,0.0,0.0,0.0,0.0,0.0,0.0,0.0,0.0,0.0,0.0,0.0,0.0,0.0,0.0,0.0,1.0,1
30.0,153.62,25.0,18.0,477.0,1.388888889,72.03,-0.574880032,-0.260311061,-0.239621654,0.098391779,0.0,0.0,0.0,1.0,0.0,0.0,0.0,0.0,0.0,0.0,0.0,0.0,0.0,0.0,0.0,0.0,0.0,0.0,0.0,0.0,1.0,0
18.0,5354.12,114.0,47.0,530.0,2.425531915,37.81,-0.111172711,-0.028910242,0.640330701,-0.027993384,0.0,0.0,0.0,0.0,0.0,0.0,0.0,1.0,0.0,0.0,0.0,0.0,0.0,0.0,0.0,0.0,0.0,0.0,0.0,0.0,1.0,0
29.0,68534.2577,1855.0,121.0,357.0,15.33057851,-1534.1259,0.08070618,-0.052673272,-0.415612125,-0.165079054,0.0,0.0,0.0,0.0,0.0,0.0,0.0,0.0,0.0,0.0,0.0,0.0,0.0,0.0,0.0,0.0,0.0,0.0,0.0,1.0,1.0,1
22.0,15728.53,613.0,38.0,42.0,16.13157895,535.05,2.305079993,1.518505696,3.808159181,0.172813973,0.0,0.0,0.0,0.0,0.0,0.0,1.0,0.0,0.0,0.0,0.0,0.0,0.0,0.0,0.0,0.0,0.0,0.0,0.0,0.0,1.0,0
20.0,147.1626,48.0,23.0,562.0,2.086956522,50.1415,-0.047213081,-0.246811482,-0.239621654,-0.688504183,0.0,0.0,0.0,0.0,0.0,0.0,0.0,0.0,0.0,0.0,0.0,0.0,0.0,0.0,0.0,0.0,0.0,0.0,1.0,0.0,1.0,1
33.0,17.12,11.0,7.0,55.0,1.571428571,-0.75,-0.469346641,-0.258602665,-0.063631183,0.175015568,0.0,0.0,0.0,1.0,0.0,0.0,0.0,0.0,0.0,0.0,0.0,0.0,0.0,0.0,0.0,0.0,0.0,0.0,0.0,0.0,1.0,1
39.0,80.0,6.0,4.0,258.0,1.5,80.0,-0.526910309,-0.22182476,-0.591602597,-0.8630236,0.0,0.0,1.0,0.0,0.0,0.0,0.0,0.0,0.0,0.0,0.0,0.0,0.0,0.0,0.0,0.0,0.0,0.0,0.0,0.0,1.0,0
25.0,13294.41,3688.0,103.0,563.0,35.80582524,900.49,7.563982937,0.378656423,0.640330701,-0.35996728,0.0,0.0,1.0,0.0,0.0,0.0,0.0,0.0,0.0,0.0,0.0,0.0,0.0,0.0,0.0,0.0,0.0,0.0,0.0,0.0,0.0,1
35.0,14356.8167,927.0,104.0,378.0,8.913461538,1382.3567,-0.494930494,0.060573088,-0.415612125,-0.132106482,0.0,0.0,0.0,0.0,0.0,0.0,0.0,0.0,0.0,0.0,0.0,0.0,0.0,0.0,0.0,1.0,0.0,0.0,0.0,0.0,1.0,1
24.0,1607.1307,70.0,34.0,659.0,2.058823529,167.4782,-0.513204674,-0.050365196,0.288349759,0.365294346,0.0,1.0,0.0,0.0,0.0,0.0,0.0,0.0,0.0,0.0,0.0,0.0,0.0,0.0,0.0,0.0,0.0,0.0,0.0,0.0,1.0,0
21.0,660.11,100.0,25.0,293.0,4.0,66.19,-0.143152526,-0.19425971,-0.239621654,-0.115216392,0.0,0.0,0.0,0.0,0.0,0.0,0.0,0.0,0.0,0.0,0.0,0.0,0.0,0.0,0.0,1.0,0.0,0.0,0.0,0.0,1.0,1
34.0,1577.56,126.0,32.0,472.0,3.9375,592.83,0.251265194,0.257865981,0.640330701,0.113825962,0.0,0.0,0.0,1.0,0.0,0.0,0.0,0.0,0.0,0.0,0.0,0.0,0.0,0.0,0.0,0.0,0.0,0.0,0.0,0.0,0.0,0
24.0,179.64,90.0,23.0,74.0,3.913043478,33.0,-0.622849754,-0.266351183,-0.239621654,0.184002292,0.0,0.0,0.0,1.0,0.0,0.0,0.0,0.0,0.0,0.0,0.0,0.0,0.0,0.0,0.0,0.0,0.0,0.0,0.0,0.0,1.0,1
18.0,637.7,440.0,50.0,125.0,8.8,91.73,-0.128004193,-0.197878301,2.400235412,-0.070482759,0.0,0.0,0.0,1.0,0.0,0.0,0.0,0.0,0.0,0.0,0.0,0.0,0.0,0.0,0.0,0.0,0.0,0.0,0.0,0.0,1.0,0
18.0,75.23,52.0,13.0,187.0,4.0,5.79,0.14466581,-0.208973892,-0.063631183,0.970124352,0.0,0.0,0.0,1.0,0.0,0.0,0.0,0.0,0.0,0.0,0.0,0.0,0.0,0.0,0.0,0.0,0.0,0.0,0.0,0.0,1.0,1
44.0,2813.746,3930.0,292.0,575.0,13.45890411,543.586,1.182556177,-0.175655619,2.928206826,0.113120168,0.0,0.0,0.0,1.0,0.0,0.0,0.0,0.0,0.0,0.0,0.0,0.0,0.0,0.0,0.0,0.0,0.0,0.0,0.0,0.0,1.0,0
24.0,1952.67,137.0,63.0,341.0,2.174603175,-18.23,-0.622849754,-0.247344919,0.46434023,-0.038425427,0.0,0.0,0.0,1.0,0.0,0.0,0.0,0.0,0.0,0.0,0.0,0.0,0.0,0.0,0.0,0.0,0.0,0.0,0.0,0.0,1.0,0
30.0,6272.64,1995.0,109.0,368.0,18.30275229,786.58,2.798990472,-0.116075683,1.168302115,0.324367718,0.0,0.0,1.0,0.0,0.0,0.0,0.0,0.0,0.0,0.0,0.0,0.0,0.0,0.0,0.0,0.0,0.0,0.0,0.0,0.0,1.0,0
26.0,106.49,21.0,7.0,191.0,3.0,10.4,-0.367011233,-0.248955261,-0.415612125,0.457807272,0.0,0.0,0.0,1.0,0.0,0.0,0.0,0.0,0.0,0.0,0.0,0.0,0.0,0.0,0.0,0.0,0.0,0.0,0.0,0.0,1.0,0
19.0,999.84,207.0,15.0,288.0,13.8,44.97,-0.211680702,-0.236532144,0.288349759,-0.25784859,0.0,0.0,0.0,1.0,0.0,0.0,0.0,0.0,0.0,0.0,0.0,0.0,0.0,0.0,0.0,0.0,0.0,0.0,0.0,0.0,1.0,0
22.0,319.5208,18.0,4.0,75.0,4.5,107.1363,0.208625441,-0.003553586,-0.415612125,-0.343270895,0.0,0.0,0.0,0.0,0.0,0.0,0.0,0.0,0.0,0.0,0.0,1.0,0.0,0.0,0.0,0.0,0.0,0.0,0.0,0.0,1.0,0
31.0,842.84,264.0,67.0,148.0,3.940298507,99.17,-0.143152526,-0.247648791,2.224244941,0.176110842,0.0,0.0,0.0,0.0,0.0,0.0,1.0,0.0,0.0,0.0,0.0,0.0,0.0,0.0,0.0,0.0,0.0,0.0,0.0,0.0,1.0,1
33.0,27069.35,94.0,35.0,168.0,2.685714286,2964.28,-0.526910309,3.856375789,-0.591602597,-3.10409986,0.0,0.0,0.0,1.0,0.0,0.0,0.0,0.0,0.0,0.0,0.0,0.0,0.0,0.0,0.0,0.0,0.0,0.0,0.0,0.0,1.0,1
20.0,1194.71,229.0,42.0,409.0,5.452380952,-15.42,-0.239091972,-0.227949264,-0.239621654,0.561673943,0.0,0.0,0.0,0.0,0.0,0.0,0.0,0.0,0.0,0.0,0.0,0.0,0.0,0.0,0.0,1.0,0.0,0.0,0.0,0.0,1.0,0
36.0,1111.05,127.0,58.0,379.0,2.189655172,161.28,-0.354219307,-0.046404849,0.816321172,0.284113426,0.0,0.0,0.0,0.0,0.0,0.0,0.0,1.0,0.0,0.0,0.0,0.0,0.0,0.0,0.0,0.0,0.0,0.0,0.0,0.0,1.0,1
44.0,87421.7852,7877.0,126.0,133.0,62.51587302,6988.4552,7.033736969,0.920303485,4.512121066,0.131215799,0.0,0.0,0.0,1.0,0.0,0.0,0.0,0.0,0.0,0.0,0.0,0.0,0.0,0.0,0.0,0.0,0.0,0.0,0.0,0.0,1.0,0
48.0,13790.7,2167.0,255.0,521.0,8.498039216,3064.75,1.182233148,0.153835226,3.808159181,0.035546021,0.0,0.0,0.0,1.0,0.0,0.0,0.0,0.0,0.0,0.0,0.0,0.0,0.0,0.0,0.0,0.0,0.0,0.0,0.0,0.0,1.0,0
36.0,1670.0,45.0,11.0,155.0,4.090909091,114.0,0.336544702,0.561178248,-0.415612125,0.491776423,0.0,0.0,0.0,0.0,0.0,0.0,1.0,0.0,0.0,0.0,0.0,0.0,0.0,0.0,0.0,0.0,0.0,0.0,0.0,0.0,1.0,1
25.0,48058.5,1301.0,85.0,319.0,15.30588235,4529.25,4.315506972,4.751659745,2.400235412,0.135377912,0.0,0.0,0.0,1.0,0.0,0.0,0.0,0.0,0.0,0.0,0.0,0.0,0.0,0.0,0.0,0.0,0.0,0.0,0.0,0.0,1.0,1
37.0,87.79,18.0,13.0,347.0,1.384615385,5.54,-0.494930494,-0.226677535,0.112359288,-0.202296841,0.0,0.0,0.0,1.0,0.0,0.0,0.0,0.0,0.0,0.0,0.0,0.0,0.0,0.0,0.0,0.0,0.0,0.0,0.0,0.0,1.0,0
48.0,1679.93,279.0,27.0,281.0,10.33333333,167.71,1.799621247,0.003766583,0.46434023,-0.078427509,0.0,0.0,0.0,1.0,0.0,0.0,0.0,0.0,0.0,0.0,0.0,0.0,0.0,0.0,0.0,0.0,0.0,0.0,0.0,0.0,1.0,0
28.0,14903.87,932.0,67.0,634.0,13.91044776,1237.25,4.493920678,0.769546367,-0.415612125,3.618014061,0.0,0.0,0.0,1.0,0.0,0.0,0.0,0.0,0.0,0.0,0.0,0.0,0.0,0.0,0.0,0.0,0.0,0.0,0.0,0.0,1.0,1
31.0,2273.85,119.0,18.0,249.0,6.611111111,486.08,0.848221745,0.521431762,1.168302115,-0.24098325,0.0,0.0,0.0,1.0,0.0,0.0,0.0,0.0,0.0,0.0,0.0,0.0,0.0,0.0,0.0,0.0,0.0,0.0,0.0,0.0,1.0,1
22.0,179.94,56.0,21.0,402.0,2.666666667,62.69,-0.558890124,-0.251521848,-0.415612125,-1.276728196,0.0,0.0,0.0,1.0,0.0,0.0,0.0,0.0,0.0,0.0,0.0,0.0,0.0,0.0,0.0,0.0,0.0,0.0,0.0,0.0,0.0,1
18.0,738.1,362.0,41.0,220.0,8.829268293,61.26,1.171217878,-0.230291079,2.576225884,-0.017707157,0.0,0.0,0.0,0.0,0.0,0.0,0.0,0.0,0.0,0.0,0.0,0.0,1.0,0.0,0.0,0.0,0.0,0.0,0.0,0.0,1.0,0
28.0,2058.468,590.0,42.0,340.0,14.04761905,148.208,4.030213357,0.273829941,2.576225884,-0.277954318,0.0,0.0,0.0,0.0,0.0,0.0,1.0,0.0,0.0,0.0,0.0,0.0,0.0,0.0,0.0,0.0,0.0,0.0,0.0,0.0,1.0,0
31.0,121.17,115.0,44.0,472.0,2.613636364,18.1,0.00760946,-0.232737854,1.520283057,-0.023227898,0.0,0.0,0.0,0.0,1.0,0.0,0.0,0.0,0.0,0.0,0.0,0.0,0.0,0.0,0.0,0.0,0.0,0.0,0.0,0.0,0.0,1
24.0,9526.38,1021.0,85.0,288.0,12.01176471,797.65,3.706417728,0.095826249,1.872263999,0.166149267,0.0,0.0,0.0,1.0,0.0,0.0,0.0,0.0,0.0,0.0,0.0,0.0,0.0,0.0,0.0,0.0,0.0,0.0,0.0,0.0,0.0,0
21.0,1413.64,212.0,73.0,472.0,2.904109589,302.67,-0.207112157,-0.239672204,1.168302115,0.287157432,0.0,0.0,0.0,1.0,0.0,0.0,0.0,0.0,0.0,0.0,0.0,0.0,0.0,0.0,0.0,0.0,0.0,0.0,0.0,0.0,1.0,0
23.0,1611.68,52.0,8.0,371.0,6.5,370.62,0.336544702,0.786848092,-0.239621654,2.043248221,0.0,0.0,0.0,1.0,0.0,0.0,0.0,0.0,0.0,0.0,0.0,0.0,0.0,0.0,0.0,0.0,0.0,0.0,0.0,0.0,1.0,0
21.0,222.4,93.0,23.0,658.0,4.043478261,8.24,0.624363038,-0.167354317,0.112359288,0.010109877,0.0,0.0,0.0,1.0,0.0,0.0,0.0,0.0,0.0,0.0,0.0,0.0,0.0,0.0,0.0,0.0,0.0,0.0,0.0,0.0,1.0,0
21.0,27865.9,99.0,22.0,47.0,4.5,1137.58,-0.296655639,2.188561032,0.816321172,0.36222418,0.0,0.0,0.0,1.0,0.0,0.0,0.0,0.0,0.0,0.0,0.0,0.0,0.0,0.0,0.0,0.0,0.0,0.0,0.0,0.0,1.0,0
18.0,143.0936,11.0,6.0,36.0,1.833333333,5.4223,-0.38300114,-0.134108565,-0.239621654,0.168269262,0.0,0.0,0.0,0.0,0.0,0.0,0.0,0.0,0.0,0.0,0.0,0.0,0.0,0.0,0.0,0.0,0.0,0.0,1.0,0.0,1.0,0
29.0,3489.55,605.0,137.0,700.0,4.416058394,326.25,0.199488351,0.200482205,1.520283057,0.018706317,0.0,0.0,0.0,1.0,0.0,0.0,0.0,0.0,0.0,0.0,0.0,0.0,0.0,0.0,0.0,0.0,0.0,0.0,0.0,0.0,1.0,0
26.0,2419.65,228.0,52.0,417.0,4.384615385,520.79,2.015485,0.367242917,-0.239621654,-0.255395071,0.0,0.0,0.0,1.0,0.0,0.0,0.0,0.0,0.0,0.0,0.0,0.0,0.0,0.0,0.0,0.0,0.0,0.0,0.0,0.0,1.0,0
40.0,8.4015,7.0,6.0,85.0,1.166666667,1.0844,-0.574880032,-0.264385893,-0.239621654,-0.060787402,0.0,0.0,0.0,0.0,0.0,0.0,0.0,0.0,0.0,0.0,0.0,1.0,0.0,0.0,0.0,0.0,0.0,0.0,0.0,0.0,0.0,1
28.0,5429.41,306.0,21.0,505.0,14.57142857,1233.37,0.336544702,-0.153091043,-0.591602597,0.464934255,0.0,0.0,0.0,1.0,0.0,0.0,0.0,0.0,0.0,0.0,0.0,0.0,0.0,0.0,0.0,0.0,0.0,0.0,0.0,0.0,1.0,1
27.0,601.51,80.0,29.0,255.0,2.75862069,24.2,-0.27746775,-0.235867494,-0.063631183,-0.428547326,0.0,0.0,0.0,1.0,0.0,0.0,0.0,0.0,0.0,0.0,0.0,0.0,0.0,0.0,0.0,0.0,0.0,0.0,0.0,0.0,1.0,0
22.0,17157.3633,465.0,61.0,306.0,7.62295082,737.9733,1.186294077,0.876563799,1.520283057,0.507578301,0.0,0.0,0.0,1.0,0.0,0.0,0.0,0.0,0.0,0.0,0.0,0.0,0.0,0.0,0.0,0.0,0.0,0.0,0.0,0.0,1.0,0
30.0,301.7042,66.0,11.0,619.0,6.0,123.8302,0.720302484,-0.144411349,-0.591602597,1.171353319,0.0,0.0,0.0,0.0,0.0,0.0,0.0,0.0,0.0,0.0,0.0,1.0,0.0,0.0,0.0,0.0,0.0,0.0,0.0,0.0,0.0,0
18.0,178.7884,66.0,16.0,435.0,4.125,34.1209,-0.558890124,-0.255973343,-0.415612125,-0.446781312,0.0,0.0,0.0,0.0,0.0,0.0,0.0,0.0,0.0,0.0,0.0,0.0,0.0,0.0,0.0,0.0,0.0,0.0,1.0,0.0,1.0,0
22.0,1254.8744,55.0,21.0,658.0,2.619047619,58.9644,-0.191122249,-0.056983075,-0.239621654,-0.066558551,0.0,0.0,1.0,0.0,0.0,0.0,0.0,0.0,0.0,0.0,0.0,0.0,0.0,0.0,0.0,0.0,0.0,0.0,0.0,0.0,1.0,0
46.0,11886.3641,1777.0,299.0,444.0,5.943143813,410.9992,-0.150532484,-0.188096222,1.344292586,0.239540854,0.0,0.0,0.0,0.0,0.0,0.0,0.0,0.0,0.0,0.0,0.0,0.0,0.0,0.0,0.0,0.0,0.0,0.0,1.0,0.0,1.0,1
19.0,28041.3862,1617.0,145.0,677.0,11.15172414,-3356.9438,0.528423593,-0.212654402,1.520283057,0.239965434,0.0,0.0,0.0,1.0,0.0,0.0,0.0,0.0,0.0,0.0,0.0,0.0,0.0,0.0,0.0,0.0,0.0,0.0,0.0,0.0,1.0,1
22.0,260.9967,248.0,27.0,67.0,9.185185185,32.7227,0.498126926,-0.229630666,2.400235412,-0.024700292,0.0,0.0,0.0,0.0,0.0,0.0,0.0,0.0,0.0,0.0,0.0,0.0,0.0,0.0,0.0,0.0,0.0,0.0,1.0,0.0,1.0,0
20.0,1039.472,68.0,34.0,488.0,2.0,-59.2803,-0.299054125,0.295856304,1.872263999,0.089813624,0.0,0.0,0.0,0.0,0.0,0.0,0.0,0.0,0.0,0.0,0.0,1.0,0.0,0.0,0.0,0.0,0.0,0.0,0.0,0.0,0.0,0
33.0,5328.43,2119.0,180.0,290.0,11.77222222,881.12,3.146199894,-0.087576123,1.520283057,0.227154188,0.0,0.0,0.0,1.0,0.0,0.0,0.0,0.0,0.0,0.0,0.0,0.0,0.0,0.0,0.0,0.0,0.0,0.0,0.0,0.0,1.0,1
20.0,6316.065,357.0,52.0,233.0,6.865384615,1929.005,0.656342854,0.699599549,0.112359288,-0.511560603,0.0,0.0,0.0,1.0,0.0,0.0,0.0,0.0,0.0,0.0,0.0,0.0,0.0,0.0,0.0,0.0,0.0,0.0,0.0,0.0,1.0,1
26.0,161.5956,53.0,14.0,673.0,3.785714286,60.3656,-0.143152526,-0.096104343,-0.239621654,0.78831614,0.0,0.0,1.0,0.0,0.0,0.0,0.0,0.0,0.0,0.0,0.0,0.0,0.0,0.0,0.0,0.0,0.0,0.0,0.0,0.0,0.0,0
40.0,62.95,52.0,13.0,305.0,4.0,11.04,0.048726365,-0.231769196,0.46434023,-0.450040946,0.0,0.0,0.0,1.0,0.0,0.0,0.0,0.0,0.0,0.0,0.0,0.0,0.0,0.0,0.0,0.0,0.0,0.0,0.0,0.0,1.0,1
24.0,16244.0921,593.0,161.0,523.0,3.683229814,-357.4791,-0.126222036,-0.181715465,2.04825447,0.067787579,0.0,0.0,0.0,0.0,0.0,0.0,0.0,0.0,0.0,0.0,0.0,0.0,0.0,0.0,0.0,0.0,0.0,0.0,1.0,0.0,1.0,1
24.0,113.43,34.0,22.0,383.0,1.545454545,50.93,-0.55089517,-0.217184895,0.46434023,-0.248953423,0.0,0.0,0.0,0.0,0.0,0.0,0.0,0.0,0.0,0.0,0.0,0.0,0.0,0.0,0.0,1.0,0.0,0.0,0.0,0.0,1.0,0
21.0,120.22,93.0,24.0,211.0,3.875,7.93,0.214439953,-0.210810236,0.992311644,-0.04722264,0.0,0.0,0.0,0.0,0.0,0.0,0.0,1.0,0.0,0.0,0.0,0.0,0.0,0.0,0.0,0.0,0.0,0.0,0.0,0.0,0.0,1
18.0,3027.74,389.0,48.0,265.0,8.104166667,19.54,1.505261584,0.533446129,2.928206826,0.186523535,0.0,0.0,1.0,0.0,0.0,0.0,0.0,0.0,0.0,0.0,0.0,0.0,0.0,0.0,0.0,0.0,0.0,0.0,0.0,0.0,1.0,0
19.0,318.09,141.0,22.0,373.0,6.409090909,86.08,-0.526910309,-0.26278703,-0.239621654,0.391709113,0.0,0.0,0.0,1.0,0.0,0.0,0.0,0.0,0.0,0.0,0.0,0.0,0.0,0.0,0.0,0.0,0.0,0.0,0.0,0.0,1.0,0
24.0,31.7,20.0,9.0,71.0,2.222222222,10.6,-0.143152526,-0.230989255,-0.591602597,1.911353658,0.0,0.0,0.0,1.0,0.0,0.0,0.0,0.0,0.0,0.0,0.0,0.0,0.0,0.0,0.0,0.0,0.0,0.0,0.0,0.0,1.0,1
36.0,238.65,37.0,19.0,461.0,1.947368421,-51.67,-0.184269432,-0.217034657,0.288349759,-0.181826204,0.0,0.0,0.0,0.0,1.0,0.0,0.0,0.0,0.0,0.0,0.0,0.0,0.0,0.0,0.0,0.0,0.0,0.0,0.0,0.0,1.0,0
19.0,180.2,18.0,8.0,451.0,2.25,6.0,-0.430970863,-0.195158453,-0.063631183,0.311592017,0.0,0.0,0.0,0.0,0.0,0.0,1.0,0.0,0.0,0.0,0.0,0.0,0.0,0.0,0.0,0.0,0.0,0.0,0.0,0.0,1.0,0
27.0,42.5,9.0,5.0,354.0,1.8,25.87,-0.430970863,-0.192040149,-0.591602597,1.604353602,0.0,0.0,0.0,0.0,0.0,0.0,1.0,0.0,0.0,0.0,0.0,0.0,0.0,0.0,0.0,0.0,0.0,0.0,0.0,0.0,1.0,0
