f0,f1,f2,f3,f4,f5,f6,f7,f8,f9,target
0.0,80237921664.0,0.21194,-0.31514,0.41757,0.10884,12.50452,0.03407,12.39771,0.35377,0
1.0,1210301944.0,0.16897,-4.0668,0.22901,0.18061,22.31741,0.26287,18.93754,0.80693,2
2.0,203156739099.0,0.16241,1.07425,0.14407,0.10286,32.20963,0.31686,33.23019,0.55552,0
38.0,294352563602.0,0.27528,4.17309,0.84368,0.20261,18.80688,0.70539,22.86976,0.67205,1
3.0,7282794772.0,0.14191,0.2322,0.41082,0.24858,13.24261,0.34824,13.61567,0.646,1
39.0,2697212553.0,0.02562,-19.433,0.05915,0.13166,13.20146,1.90803,10.73901,0.91725,0
40.0,238205732894.0,0.15462,-0.08805,0.25651,0.2272,25.80666,0.48393,27.66035,0.32609,1
4.0,155494787.0,0.07324,1.91512,0.18361,0.08349,24.64657,0.30196,30.27185,0.39367,3
5.0,9782136881.0,0.14407,-0.63173,0.17782,0.25449,17.62321,0.10042,17.12408,0.46398,0
41.0,4208172100.0,0.11744,2.21554,0.20838,0.19949,18.05727,0.48742,19.87563,0.53481,3
42.0,2179600423.0,0.09151,-2.14799,0.07772,0.16677,15.66856,0.70661,15.87002,0.32276,0
715.0,43858785469.0,0.09381,-0.80827,0.27832,0.23085,12.30144,0.20842,11.81958,0.50701,1
6.0,4876730919.0,0.30013,0.21478,0.71625,0.26807,60.31534,15.59245,62.177,0.4893,3
43.0,219928322000.0,0.35934,-0.1899,0.36851,0.30279,34.37557,0.90817,33.3685,0.88657,2
44.0,3290568218.0,0.17838,1.31984,0.12326,0.1115,13.37001,0.63935,15.31457,0.56164,0
45.0,10007590622.0,0.24294,1.08726,0.32986,0.23644,25.33398,0.57815,27.28908,0.39058,3
7.0,6849450985.0,0.0865,3.1253,0.04096,0.03662,19.38546,0.23225,29.99079,0.25393,3
8.0,36114214968.0,0.22903,0.77487,0.23937,0.1507,25.85804,0.23862,26.30167,0.54394,1
9.0,13123829497.0,0.1649,2.39324,0.10975,0.1033,14.55786,0.41522,17.66697,0.59664,0
10.0,2299868889.0,0.10547,0.48028,0.11729,0.18335,14.70856,0.4763,15.37843,0.25869,0
46.0,2953882598.0,0.1119,-1.82473,0.17115,0.08658,16.66458,0.88065,16.1484,0.64954,3
47.0,2614489000.0,0.12268,1.51134,0.10085,0.12542,22.27332,0.73147,24.38267,0.30828,3
48.0,16616278095.0,0.17158,-1.53331,0.11195,0.13471,44.93426,0.61009,42.15498,0.69984,3
49.0,4446332920.0,0.29003,-1.42041,0.25799,0.22344,14.51195,0.4815,12.37102,0.8317,2
50.0,8306077957.0,0.11983,2.89739,0.21951,0.11735,37.22072,0.0319,49.9828,0.20109,3
51.0,12006672292.0,0.20497,1.99555,0.3641,0.21169,20.67568,0.2924,23.15993,0.43961,3
52.0,10046515244.0,0.30649,1.63441,0.44787,0.15454,14.35029,0.23169,16.48573,0.47659,3
53.0,3141153693.0,0.13794,-1.04983,0.22157,0.26931,6.23733,0.2777,5.27496,0.21825,3
54.0,58843045.0,0.07255,-1.57717,0.07593,0.06781,14.49151,0.42698,11.91543,0.39285,3
55.0,2259295980000.0,0.30929,-0.76995,0.30011,0.18543,40.50904,1.17951,39.31912,0.57845,2
56.0,8869714162.0,0.04547,-9.77683,0.03926,0.06299,68.85872,0.50838,68.40021,0.81293,3
11.0,2151476402347.0,0.09772,-0.54722,0.19243,0.09485,49.5452,1.27029,51.17142,0.48406,0
57.0,14294444367.0,0.09934,5.1055,0.19359,0.11735,21.1775,0.0676,32.20227,0.20118,3
12.0,2947601790.0,0.09001,0.65312,0.06909,0.1697,14.47375,0.1881,15.85665,0.20955,3
13.0,3347668304.0,0.08014,2.61008,0.14639,0.10696,11.61459,0.24035,15.24421,0.39179,3
14.0,339362916.0,0.05605,-2.01184,0.03453,0.06315,11.1487,1.25551,8.91151,0.5193,0
15.0,54576514249.0,0.27929,-11.43384,0.61446,0.04331,7.02084,0.35347,-0.33601,0.3387,3
16.0,44748783773.0,0.25405,1.1052,0.13945,0.12598,26.54644,0.33834,27.71466,0.35406,3
17.0,6257029992.0,0.07184,-0.73971,0.08718,0.10383,14.51855,0.71746,14.11542,0.14993,3
58.0,2097312107.0,0.29612,1.61586,0.21675,0.1617,12.42008,1.38609,14.39277,0.52981,1
18.0,85574404281.0,0.21252,1.28965,0.23012,0.22383,38.07476,0.92269,39.99977,0.33441,3
19.0,104477117736.0,0.23156,2.47377,0.04705,0.06281,35.50183,0.56215,37.40259,0.57852,0
20.0,29691008382.0,0.28175,-0.77829,0.09741,0.11314,40.52941,0.7502,40.04222,0.88768,3
59.0,81997359304.0,0.25861,4.09093,0.37174,0.17537,27.22381,0.5641,34.04255,0.48084,3
21.0,8104082809.0,0.38033,1.96682,0.53676,0.03187,9.23122,0.58698,19.45439,0.49108,0
22.0,8303979372.0,0.18485,-2.35138,0.31878,0.34193,47.78984,2.02838,46.404,0.64957,2
60.0,3704443004.0,0.19259,6.34451,0.06218,0.06739,11.38134,0.14353,11.82263,0.35812,3
23.0,3450640074440.0,0.3151,0.3383,1.64594,0.59516,32.17323,0.48235,32.07678,0.46206,1
24.0,10237157011.0,0.10892,0.12035,0.21917,0.15971,25.23507,0.28321,25.28132,0.29815,3
25.0,139579856139.0,0.29016,-0.36525,0.39544,0.24784,21.39522,0.90286,20.8114,0.47408,1
61.0,11106068759.0,0.1387,1.50907,0.13156,0.1541,29.22313,0.29662,31.57131,0.37454,3
62.0,12247712359.0,0.10003,3.90015,0.26354,0.05732,12.04746,0.36387,17.9344,0.18611,3
26.0,3033554180.0,0.105,-0.50174,0.1788,0.14284,14.48096,0.06757,13.76583,0.14038,3
63.0,4298723776.0,0.30202,6.77633,0.11271,0.06603,48.56096,0.19274,82.26694,0.58408,3
64.0,31173967380.0,0.47585,5.85069,0.20153,0.12546,39.63674,1.32823,59.13945,0.65648,3
27.0,2009287906.0,0.0628,-10.741,0.1414,0.50785,11.72289,2.60004,9.03286,0.12891,0
65.0,118952793809.0,0.42111,-2.6674,0.2882,0.3834,37.24204,1.76726,35.10933,0.6441,2
28.0,6687297348.0,0.19045,2.47137,0.36188,0.08753,42.08017,0.34228,45.28799,0.39563,0
66.0,2948305000.0,0.31389,0.07632,0.62658,0.27268,9.21723,0.37752,10.33034,0.4524,1
29.0,4906070856.0,0.059,3.43198,0.10623,0.08367,19.39288,1.30005,38.17036,0.1741,3
67.0,3095843407.0,0.21688,0.86688,0.34625,0.1549,8.09759,0.66642,9.44842,0.35425,3
30.0,65618000000.0,0.22239,0.56273,0.42724,0.16858,61.1434,0.88881,61.96039,0.90801,3
31.0,7534179540.0,0.07469,2.01141,0.16184,0.02671,15.78173,0.25676,19.26582,0.158,3
32.0,121234726324.0,0.26136,0.19794,0.71961,0.33584,29.84258,0.38247,30.17743,0.52987,2
33.0,6534883805.0,0.04878,3.5204,0.30461,0.10484,-26.13991,0.20598,-58.55944,0.18082,3
68.0,15828243361.0,0.12723,2.66769,0.28155,0.18977,24.79645,0.23958,29.33863,0.29002,0
34.0,182741083.0,0.06299,-0.29526,0.05281,0.08739,-9.95289,0.37678,-12.14427,0.35776,3
35.0,4543533942.0,0.03495,3.40859,0.06916,0.12847,7.1625,0.2104,11.40654,0.11403,3
69.0,8465215132.0,0.12926,4.34872,0.16766,0.1553,16.50112,0.19241,22.1776,0.33721,3
36.0,2283554298.0,0.21875,-2.275,0.22765,0.21241,13.03598,2.69407,9.94418,0.44279,1
37.0,2591629145.0,0.14478,4.09924,0.02635,0.08154,13.50751,0.42918,21.44123,0.23662,3
70.0,6207707162.0,0.1876,-1.7173,0.2012,0.30418,47.29479,0.91851,45.42922,0.39547,1
71.0,5771094821.0,0.18443,0.88208,0.10324,0.16302,35.33065,0.51291,36.65171,0.34473,0
72.0,17878699383.0,0.10472,3.38372,0.62147,0.13185,-77.12467,0.04368,-92.52565,0.20693,3
73.0,4787152791.0,0.10282,3.71413,0.14452,0.10403,22.99075,0.23118,27.39664,0.37455,3
74.0,1703374207.0,0.04484,-0.37855,0.05664,0.21728,6.94029,0.18464,7.23903,0.1015,3
75.0,14133206446.0,0.21197,4.83534,0.3523,0.10124,34.59933,0.79633,36.44509,0.8039,3
76.0,1035227384920.0,0.34778,0.79442,0.16916,0.19195,6.11941,0.43131,6.73968,0.29203,3
77.0,10545648766.0,0.1942,0.93005,0.07047,0.09581,42.83969,0.57964,44.00083,0.65514,0
78.0,11810429502.0,0.12433,-0.98117,0.05954,0.02884,38.97403,0.61732,38.11353,0.78946,0
79.0,128990555.0,0.08874,-0.7171,0.16592,0.15225,26.65008,0.70936,26.5148,0.37212,3
80.0,3605414562.0,0.0438,1.62578,0.31903,0.07183,21.89851,1.21433,22.62018,0.75272,0
95.0,152292369517.0,0.36262,-0.07299,0.15057,0.06293,35.89654,0.36351,36.14625,0.4756,3
96.0,133505519072.0,0.52037,-5.15647,0.11428,0.28656,34.11305,1.48458,30.7179,0.63635,1
97.0,57283209880.0,0.06177,-1.83361,0.05671,0.02671,79.30932,3.71846,72.16884,0.36055,3
98.0,1218513591.0,0.10994,0.06208,0.72479,0.50867,8584.04166,0.07965,8.72299,0.18966,3
99.0,1014483130.0,0.04844,0.91092,0.15621,0.26086,9.26603,0.20301,9.90538,0.17109,0
81.0,48188699228.0,0.12046,5.8935,0.1704,0.0739,2.93624,0.22336,8.67981,0.19765,3
82.0,5306740995.0,0.07595,-0.55784,0.19072,0.16983,21.03495,0.34989,19.56841,0.20102,3
100.0,17622416852.0,0.11512,2.31618,0.69035,0.15328,19.35193,0.72919,22.4303,0.54853,3
83.0,133130836720.0,0.17769,2.96533,0.08532,0.08211,70.0244,0.55486,74.79391,0.68963,3
84.0,4748013603.0,0.06688,-0.03868,2.15086,0.51808,15.58031,0.565,15.45886,0.768,1
85.0,6318938117.0,0.24679,2.93395,0.30644,0.15204,12.95725,0.17287,18.65138,0.48717,0
86.0,6345462519.0,0.08625,3.71404,0.08333,0.0974,29.19861,0.40563,37.3548,0.22644,3
87.0,5426002510.0,0.06773,2.57055,14.66142,0.15837,25.03411,0.44911,34.19976,0.14882,0
88.0,4004650849.0,0.09024,5.92255,0.32766,0.11567,17.31245,0.35556,29.78182,0.25288,3
101.0,772279755324.0,0.30554,4.19512,0.07761,0.12306,39.74515,1.37026,44.52382,0.63898,0
89.0,26281404602.0,0.15438,3.28227,0.31144,0.1783,30.65069,0.5,34.3724,0.29638,3
90.0,31269549947.0,0.30033,2.01341,0.16245,0.09141,29.98563,0.91698,33.21639,0.48868,0
91.0,18613375255.0,0.26766,2.51324,0.28514,0.1421,17.97942,0.24151,20.48454,0.59643,3
92.0,5247645646.0,0.09629,4.36284,0.13444,0.0989,24.70445,0.30381,35.74449,0.26855,3
93.0,2399061861.0,0.20413,0.07538,0.44803,0.2755,11.25158,0.38552,11.57186,0.48803,1
102.0,495828172.0,0.13428,0.85947,0.43756,0.27093,19.82013,0.37923,21.17661,0.53055,3
103.0,20578345274.0,0.10648,1.8948,0.27849,0.29453,12.41127,1.13651,14.22694,0.33553,0
104.0,17443486092.0,0.06091,1.19005,0.40014,0.10245,29.56391,0.48344,30.55005,0.4313,3
94.0,11917832007.0,0.1343,3.31928,0.26147,0.07805,59.41261,0.32798,65.26622,0.2495,3
105.0,480350575.0,0.02325,-10.29802,0.05142,0.10329,47.57644,66.906,46.10322,0.6028,0
106.0,12893823107.0,0.03337,2.41181,0.21179,0.14581,61.06899,0.20448,68.87321,0.15195,3
162.0,2237485204.0,0.29852,6.81006,0.13504,0.09413,7.17502,0.38094,17.65119,0.73617,0
107.0,5908911427.0,0.15311,1.55611,0.35481,0.13633,14.77162,0.20237,17.58878,0.23876,0
108.0,9963113431.0,0.08799,1.99677,0.12434,0.11375,24.75852,0.50866,29.27696,0.32766,3
163.0,5190474154.0,0.27886,-0.9044,0.1548,0.30894,14.14332,0.82317,16.91634,0.39151,1
109.0,82177422690.0,0.28464,0.24458,0.24769,0.15614,85.28558,0.82744,86.52585,0.88509,1
110.0,12976550523.0,0.1349,5.51488,0.14937,0.04996,19.37769,1.34458,30.0951,0.30832,3
164.0,3676449805.0,0.08643,-2.85733,0.28794,0.19915,46.29325,0.59523,44.44879,0.63451,1
165.0,19721528487.0,0.23416,0.64774,0.49047,0.16757,22.00565,0.04139,21.88862,0.37976,0
111.0,9196376301.0,0.14236,1.35331,0.13696,0.1144,44.61569,0.22583,47.22026,0.22529,3
112.0,590656435.0,0.21435,6.31814,0.17532,0.09016,14.56839,0.52268,29.03252,0.44194,0
166.0,66690909743.0,0.09271,4.59568,0.23109,0.13864,70.26158,0.24098,82.45358,0.27942,3
113.0,15279536310.0,0.04817,1.79088,0.16217,0.07043,38.92423,0.56007,42.24701,0.22698,3
114.0,2551258796.0,0.37781,-2.54253,0.21605,0.43651,11.08644,3.16523,9.50621,0.86316,2
115.0,184589875237.0,0.2211,1.04952,0.55028,0.29399,19.57723,0.26242,22.55607,0.37722,3
116.0,3820917714.0,0.0891,-2.35556,0.1422,0.09834,26.48213,0.88875,23.44469,0.22765,3
117.0,21458497949.0,0.2972,0.5427,0.18445,0.35021,13.76252,0.56307,14.18804,0.51747,1
118.0,40443336765.0,0.0379,3.38253,0.10027,0.10035,44.013,0.52504,51.71789,0.19526,3
119.0,23194609991.0,0.08054,2.90415,0.47235,0.22647,17.38449,0.12407,20.91687,0.22087,3
167.0,6414008325.0,0.17009,-3.87597,0.13623,0.13121,37.46075,12.01165,32.5236,0.49587,0
120.0,2456092716.0,0.06923,3.63035,0.09085,0.09691,8.13548,0.41011,10.97533,0.29631,3
121.0,15233704585.0,0.29316,0.78116,0.22338,0.14194,8.87753,0.31985,10.5165,0.3398,0
168.0,5815965000.0,0.12978,0.43988,0.17493,0.26455,8.34691,2.25645,8.59307,0.3162,3
122.0,9516442726.0,0.13001,4.00882,0.02572,0.11063,17.05888,0.51173,21.59132,0.34762,3
169.0,1656542921.0,0.03231,5.868,0.099,0.07854,27.26318,1.34694,43.64658,0.24031,3
123.0,8200580115.0,0.15312,-0.24846,0.24417,0.19866,26.40346,0.26127,25.93286,0.35664,1
124.0,49369289123.0,0.42411,3.50896,0.71506,0.07819,16.37399,0.7341,24.93478,0.45724,0
125.0,286815775470.0,0.11067,0.96536,0.10623,0.08197,15.60637,0.45688,16.47551,0.29221,3
126.0,80025086890.0,0.17269,-0.36824,0.41076,0.25119,64.41898,0.99016,66.51703,0.40776,3
170.0,27175126582.0,0.18562,1.29895,0.1311,0.11744,31.08045,0.38663,32.84656,0.45654,3
127.0,87907003035.0,0.21824,1.28644,0.40745,0.23123,48.85689,0.38122,50.09841,0.4917,3
128.0,5344812450.0,0.20885,-1.20103,0.17001,0.2986,9.83132,0.39326,9.14887,0.51482,2
129.0,227057048403.0,0.21885,1.14853,0.20746,0.14629,19.63697,0.05183,20.56404,0.6492,0
171.0,5095652614.0,0.34558,3.05616,0.11419,0.05786,6.50759,19.10726,13.32581,0.46235,3
130.0,13300142656.0,0.11973,3.16104,0.1648,0.10767,49.52675,0.71524,58.57572,0.31251,3
131.0,20812590809.0,0.15464,1.91169,1.59375,0.28327,31.2351,0.16999,35.29597,0.44491,0
132.0,82452533200.0,0.63659,0.25808,0.12283,0.13246,22.76918,0.24043,23.0434,0.86062,3
133.0,5876808522.0,0.40871,2.80103,0.13346,0.10526,36.53878,0.33987,50.14408,0.80035,0
134.0,10719742038.0,0.1183,0.01195,0.42349,0.10733,25.36599,0.41007,24.48615,0.39523,0
135.0,269625022867.0,0.2061,2.94056,0.36972,0.03823,79.03966,0.24687,87.67621,0.60434,0
136.0,6733689854.0,0.10687,-2.23644,0.05683,0.04878,72.99922,0.28047,70.66439,0.68404,3
137.0,37841307523.0,0.15403,-0.05331,0.15583,0.08701,23.04249,0.18738,22.85665,0.3436,0
138.0,5055270222.0,0.36143,-0.84601,0.2639,0.14073,50.2798,0.26902,49.49868,0.50245,3
139.0,2558503500.0,0.12247,-0.37715,0.04702,0.02423,15.29616,2.3802,14.48748,0.39365,3
172.0,1182124345.0,0.14937,-2.20816,0.0969,0.10252,-277.91449,0.21514,-217.38197,0.47633,3
140.0,76480395685.0,0.22919,1.56293,3.43182,0.49446,22.60955,0.28131,24.74094,0.60325,1
173.0,959444521.0,0.21437,3.4687,0.0504,0.2969,4.99451,0.97851,8.86249,0.51352,3
174.0,4697382642.0,0.07462,-1.50386,0.11975,0.21682,9.965,0.02754,9.7156,0.50022,0
141.0,161939172927.0,0.18516,4.06153,0.16957,0.10841,15.15722,0.19544,23.24639,0.69728,0
142.0,16886177292.0,0.09818,-0.21684,0.29485,0.31828,23.70579,1.56376,23.42276,0.2029,3
143.0,6770785851.0,0.08751,0.47823,0.1129,0.09553,11.97034,0.29368,12.34741,0.17142,3
144.0,7374383154.0,0.09503,-3.55134,0.63844,0.03166,33.68017,0.39202,32.33865,0.82088,3
175.0,92561302.0,0.15744,-2.94502,0.1464,0.23574,7.63702,1.28771,6.50446,0.2103,3
145.0,2216418703.0,0.15372,4.55697,0.14122,0.13477,13.32833,0.3558,18.80879,0.55652,0
176.0,130156692137.0,0.24175,0.82952,0.19943,0.10522,14.35364,0.754,15.32197,0.29648,0
146.0,3720751506.0,0.19213,-0.49046,0.26929,0.15357,9.86567,0.72767,9.04553,0.75216,2
147.0,43654751171.0,0.33246,3.56726,0.07092,0.07786,26.7725,0.24526,34.14951,0.51274,0
177.0,4906840332.0,0.05966,4.01269,0.12757,0.1251,34.75528,1.27812,38.37274,0.14182,3
148.0,54445002492.0,0.37104,-2.10129,0.18057,0.1231,56.5633,0.97023,53.29797,0.45016,0
179.0,141351538.0,0.08872,-5.34699,0.08314,0.03278,-272.55636,0.64913,-215.34893,0.34628,3
178.0,6136649593.0,0.12022,-1.36085,0.2883,0.35436,84.1721,0.52671,82.74374,0.21814,0
149.0,412124850441.0,0.03649,-0.30864,0.31187,0.20669,62.26445,0.6779,61.71544,0.12613,0
180.0,19365556296.0,0.29033,0.86662,0.09562,0.05834,17.4648,2.16701,18.52526,0.39253,3
150.0,6167579372.0,0.09694,6.13104,0.04111,0.05105,26.38782,0.18573,44.03366,0.64929,3
181.0,11717118599.0,0.14226,0.78846,0.21514,0.21452,3.88663,0.34106,4.66056,0.27848,0
151.0,1292009335.0,0.09878,0.53459,0.21087,0.12471,54.43877,0.45003,59.71063,0.29812,3
152.0,567544485.0,0.0551,2.0779,0.2189,0.30647,3.54381,0.16904,4.46979,0.27266,3
182.0,139806142.0,0.12488,0.96477,0.18902,0.21207,7.58127,0.64863,8.55995,0.26657,0
153.0,5389904080.0,0.76333,3.81969,0.11515,0.20778,4.86632,0.45313,10.07969,0.85743,3
183.0,138760438.0,0.02103,-11.89563,0.0248,0.05766,20.18013,3.33842,18.68206,0.61667,0
184.0,5710485645.0,0.25557,1.18739,0.48388,0.36231,6.28712,2.39615,7.74532,0.58148,1
154.0,46771835.0,0.05573,3.8691,0.06381,0.08724,5.30601,0.31789,9.19387,0.25944,3
185.0,352790004.0,0.1746,4.86577,0.24827,0.05837,1.01627,0.29575,8.78669,0.28871,0
155.0,1577404079.0,0.11354,3.14819,0.22556,0.2038,13.90335,0.17393,18.10196,0.4767,3
156.0,7003573493.0,0.21255,-1.5304,0.11008,0.22804,35.76114,1.24948,37.11572,0.45116,3
157.0,66723302694.0,0.37191,3.09249,0.28108,0.15077,22.61443,0.21525,28.01812,0.50821,1
158.0,1577151092.0,0.14566,0.39933,0.11271,0.17012,17.9295,0.14503,18.00657,0.35732,3
159.0,13731170537.0,0.17538,1.11986,0.16343,0.18836,29.12432,0.29931,30.45892,0.37008,3
160.0,1888969955.0,0.12824,0.57254,1.03968,0.32901,45.94526,0.32369,76.20148,0.14354,0
161.0,753509422.0,0.19466,4.28371,0.27928,0.14492,5.96027,0.38958,9.80438,0.24476,0
186.0,52125814070.0,0.16129,0.23608,0.18417,0.13977,12.05379,0.98508,12.18021,0.2591,3
187.0,748093835.0,0.14719,-76.12179,0.54933,0.16616,14.98601,0.58935,8.27736,0.29365,3
188.0,166729993548.0,0.19865,3.74391,0.07586,0.08051,34.12828,0.32111,36.52147,0.59606,0
189.0,18899951565.0,0.11736,3.8238,0.48477,0.10643,19.33629,0.292,24.21806,0.21155,3
203.0,45322452768.0,0.02864,-33.78715,0.07308,0.02932,60.37124,6.19786,58.50022,0.81225,3
190.0,12872360000.0,0.14702,4.54553,0.37288,0.15191,9.68682,0.1238,18.25704,0.32804,3
191.0,26782327265.0,0.22979,-1.14544,0.39375,0.5786,31.48622,1.41849,30.09393,0.57107,2
192.0,109464551184.0,0.23246,4.43453,0.35526,0.05237,21.78818,0.31048,33.43606,0.37429,0
193.0,149722351.0,0.04317,-1.30827,0.09831,0.05072,8.89349,0.01278,7.14615,0.47717,3
204.0,41083815000.0,0.37426,-9.84785,0.16155,0.08567,19.63119,0.89856,10.66926,0.78925,1
194.0,24903079000.0,0.31801,1.64588,0.23518,0.05439,-36.1771,1.3027,-50.59984,0.80481,3
195.0,29247782803.0,0.15883,0.15459,0.34401,0.11525,54.85517,1.50871,54.86763,0.61684,3
196.0,16247537129.0,0.10782,1.86625,0.38807,0.10698,21.68329,0.53754,25.25544,0.35544,3
205.0,1135425437.0,0.10825,2.64138,0.0302,0.11666,13.15018,0.71996,14.66545,0.57906,3
197.0,6904994011.0,0.12269,-0.6159,0.33883,0.18405,9.83366,0.03825,12.05828,0.41202,0
198.0,16140390138.0,0.04919,-5.71028,0.50373,0.3952,17.74973,2.12389,16.69188,0.79169,1
199.0,9011037921.0,0.15172,0.55872,0.27802,0.18595,22.3564,0.28666,22.92529,0.35535,3
206.0,4139391530.0,0.14388,1.73048,0.1509,0.17501,23.82502,0.98495,26.73861,0.39542,0
200.0,27264159403.0,0.16164,2.21986,0.27332,0.1962,25.17203,0.08667,27.69625,0.37407,0
201.0,1074314741.0,0.07829,3.70874,0.16165,0.17532,11.93819,0.4455,17.62543,0.30528,0
202.0,5902029159.0,0.07832,2.75311,0.20554,0.09379,27.44559,0.36059,31.77081,0.1988,3
207.0,15395805803.0,0.09461,-6.7953,0.07615,0.11334,35.0493,2.23184,33.1463,0.81304,0
208.0,10051281608.0,0.27601,1.56565,0.33779,0.26755,22.08211,0.50441,23.90873,0.3047,3
209.0,11745423353.0,0.13046,3.63577,0.1545,0.09808,19.96413,0.05978,27.2906,0.23545,3
224.0,143730288000.0,0.18232,1.80297,0.19685,0.09895,44.83911,0.19402,46.93511,0.37834,3
210.0,29266900000.0,0.21316,1.35057,0.37306,0.08313,22.23253,0.23911,23.15039,0.72024,3
225.0,69176431893.0,0.16247,2.49603,0.23844,0.19249,34.83509,0.24153,38.17502,0.43125,3
226.0,41403960000.0,0.27865,-2.35187,0.4327,0.149,86.33632,0.23803,77.13514,0.78022,3
227.0,361366458.0,0.08587,2.21775,0.09436,0.09479,12.82158,0.07431,21.48991,0.51462,3
228.0,236147500.0,0.14681,-1.65501,0.15592,0.34321,21.12072,0.7667,19.62318,0.76619,1
211.0,43571383753.0,0.19692,-0.46607,0.1412,0.20601,22.38161,0.50223,21.69732,0.78337,1
229.0,23645058326.0,0.08749,-0.83142,0.3358,0.56913,18.74806,0.61597,17.85739,0.18446,3
231.0,888671350.0,0.10901,-8.05712,0.08288,0.02922,38.57338,0.77657,34.32368,0.66127,0
232.0,250051637.0,0.05626,0.87847,0.46445,0.25758,10.48627,0.83404,11.20924,0.13757,0
212.0,2553090976.0,0.21905,0.21225,0.21876,0.19743,36.5631,0.0037,36.85921,0.51061,1
230.0,3747475163.0,0.1147,2.04929,0.15717,0.0892,19.09719,0.15946,23.04239,0.28367,3
233.0,8290142387.0,0.02466,-15.13112,0.06594,0.02971,24.79269,1.11529,23.30965,0.46192,3
213.0,8282663790.0,0.06824,-1.51383,0.13706,0.06783,42.3045,1.11749,50.45034,0.15511,3
234.0,168713047.0,0.04659,-0.49733,0.12651,0.06452,34.965,1.05149,34.63956,0.25434,3
235.0,234498848.0,0.03898,1.10993,0.05582,0.18349,8.92657,0.68145,9.92802,0.3019,3
214.0,76032046559.0,0.36815,-0.05307,0.27035,0.12853,12.99044,0.27128,12.43074,0.72794,1
215.0,12909796785.0,0.11442,-3.83247,0.12625,0.16519,22.76111,0.98524,19.15245,0.30841,0
216.0,2131640363.0,0.06974,-1.00512,0.11395,0.35368,6.87038,0.25174,6.81079,0.25745,0
236.0,30371962235.0,0.17879,5.00791,0.11146,0.12287,38.59215,0.64645,45.25308,0.55526,0
217.0,201775971.0,0.06538,1.75703,0.07732,0.34633,4.74063,0.48042,5.64027,0.24575,3
218.0,83757850.0,0.17328,-3.3359,0.1487,0.18948,13.01811,0.76292,10.44709,0.276,3
237.0,11454518524.0,0.15662,-0.35782,0.18011,0.10175,16.44567,0.81046,17.12853,0.60257,1
238.0,1151391856.0,0.25496,3.65147,0.44864,0.12302,2.69727,0.59989,3.64025,0.79063,3
219.0,2268477986.0,0.16928,4.87209,0.15393,0.17107,15.69714,0.78273,20.41686,0.51314,1
220.0,9826774078.0,0.29222,-1.95497,0.2052,0.24865,25.19736,0.98578,21.84885,0.96253,2
239.0,7123874310.0,0.13927,0.07691,0.20705,0.18019,37.2722,0.87784,37.13677,0.37236,3
240.0,22725025978.0,0.10647,0.9432,0.41582,0.22019,12.42122,0.14109,13.42254,0.89189,0
221.0,4816024036.0,0.28469,-1.04401,0.31328,0.36592,31.57321,0.37612,30.53552,0.48435,1
222.0,521390064806.0,0.11894,0.38745,0.12192,0.08257,15.16902,0.38654,16.59686,0.22753,3
223.0,655763994.0,0.09759,1.38337,0.10328,0.05415,8.49723,0.37423,13.51165,0.58736,3
241.0,14048224695.0,0.23694,-1.6105,0.18112,0.19608,17.40687,0.26472,16.04657,0.80198,2
258.0,9021274461.0,0.09683,-3.092,0.16889,0.14068,30.62863,1.01411,27.58607,0.12351,0
242.0,18287829983.0,0.32045,1.23712,0.28086,0.23941,29.81504,0.54327,31.51686,0.54066,1
243.0,46741809127.0,0.20307,0.15453,0.32104,0.25397,44.71784,0.38511,44.98426,0.45228,1
244.0,5582072381.0,0.14968,0.67395,0.1854,0.13825,27.33599,0.53562,28.35162,0.28282,3
245.0,3376451894.0,0.27107,-0.26804,0.23377,0.18108,9.62876,0.20014,9.6209,0.66886,2
246.0,71601434360.0,0.06754,5.37542,0.14892,0.03568,27.62299,0.26578,39.56139,0.21231,3
247.0,4701681681.0,0.1297,4.47068,0.12248,0.09103,12.72899,0.8506,17.8772,0.48128,3
259.0,122385798273.0,0.28138,4.24885,0.10784,0.11354,28.00964,0.6672,32.95787,0.61058,0
248.0,143005295.0,0.19735,0.76706,0.24574,0.29431,14.23155,2.00546,15.16397,0.43393,3
249.0,301857361.0,0.04958,-0.10315,0.08996,0.22906,9.30104,0.03646,11.26359,0.21604,3
250.0,4601556642.0,0.07041,3.75766,0.17111,0.13241,18.06643,0.23175,23.37556,0.49301,3
251.0,96017977.0,0.16072,-0.88626,0.05978,0.06447,8.81693,0.15381,6.90948,0.43875,3
252.0,2933055547.0,0.06017,-7.63178,0.14215,0.02951,58.58117,0.47874,52.34111,0.40723,3
253.0,69586240451.0,0.28194,-1.6812,1.68473,0.42314,41.72184,1.75452,40.22497,0.79705,2
254.0,468041621.0,0.12349,-1.20187,0.28149,0.58852,9.55839,0.29094,8.69657,0.76966,1
255.0,4812705870.0,0.12743,0.51908,0.15367,0.17451,21.21164,0.52884,21.33371,0.35208,0
260.0,63397250565.0,0.29399,0.62072,0.06939,0.18968,29.97914,1.1535,37.54303,0.31946,0
261.0,204810656.0,0.04896,-1.66983,1.56426,0.47411,5.20798,1.78603,3.37191,0.10601,3
262.0,19359166548.0,0.11083,4.14086,0.06419,0.08648,3.22088,0.46442,8.55644,0.27484,3
716.0,4102096524.0,0.18949,0.59827,0.87739,0.43897,17.88678,0.32678,18.31224,0.53724,1
256.0,7095769988.0,0.10987,-0.94314,0.13854,0.20835,15.96145,0.5613,15.95351,0.32795,0
257.0,4026019039.0,0.11399,4.67184,0.09915,0.05887,15.73082,0.26545,23.05323,0.30179,3
263.0,227568864.0,0.07432,-8.00405,0.12063,0.04648,5.01632,0.40444,2.07787,0.11128,3
264.0,1283184067.0,0.09666,-0.62044,0.1233,0.23863,2.57232,0.00134,2.13058,0.40506,3
281.0,68998628.0,0.18897,6.32138,0.13241,0.31664,52.40033,0.42346,79.41147,0.94915,0
265.0,39820217822.0,0.23811,-1.63174,0.2022,0.1619,31.63496,0.6974,29.81845,0.58433,2
282.0,39934730784.0,0.18615,0.9978,1.30725,0.28984,31.85714,0.48356,32.40837,0.67778,1
283.0,18017833323.0,0.40939,4.93414,0.29552,0.16802,8.63763,0.60197,12.17412,0.80399,1
266.0,314847439.0,0.13384,-7.70046,0.08327,0.13719,11.78478,0.35563,7.42083,0.28799,3
267.0,10705936784.0,0.11883,2.67502,0.11309,0.20545,18.48091,0.95225,20.85056,0.3765,3
268.0,77255183194.0,0.10122,1.53744,0.1584,0.09487,33.71295,0.19568,37.84099,0.15641,3
284.0,60598726742.0,0.06665,6.4991,0.14928,0.03995,-10.33349,0.37445,-25.2739,0.18876,3
285.0,7832203956.0,0.13441,1.68309,0.21382,0.11116,15.31346,0.37327,16.639,0.34926,3
269.0,6611439170.0,0.21295,-0.39803,0.17942,0.18677,18.86358,0.2737,18.42165,0.33812,1
270.0,1283491747.0,0.08757,0.55717,0.10249,0.14793,26.05938,0.54761,27.58831,0.25618,3
271.0,16859564414.0,0.07176,2.11684,0.23097,0.15661,18.75819,0.32075,24.17383,0.3642,0
272.0,159162631.0,0.0764,-4.29802,0.07801,0.03301,35.85843,0.1305,25.60286,0.3929,3
273.0,29195647471.0,0.1992,6.9244,0.05777,0.08238,10.17471,1.35234,15.42222,0.62789,0
274.0,11345462935.0,0.06802,-1.0428,0.02249,0.03996,38.57498,2.18887,38.05622,0.5814,0
275.0,3898668309.0,0.0739,3.24135,0.16765,0.17575,6.96069,0.70975,9.18077,0.32055,0
286.0,993655988.0,0.24783,4.13188,1.07021,0.13775,12.48315,0.2379,18.21392,0.66295,3
287.0,4353592332.0,0.1374,1.21023,8.54878,0.16168,48.28103,2.68629,73.40294,0.41219,0
276.0,1061690819.0,0.14015,3.70357,0.10376,0.09116,14.49111,0.69371,19.20288,0.3134,3
277.0,14830058260.0,0.28622,-1.20371,0.1939,0.23605,32.5736,0.29623,30.39276,0.53635,2
288.0,464782127.0,0.05038,-3.25864,0.06892,0.23761,17.44831,1.47484,16.5753,0.24228,0
289.0,3982611627.0,0.04459,-1.48004,0.05628,0.08089,15.7653,0.63391,16.24203,0.29861,3
278.0,57080002392.0,0.15125,0.68699,0.52142,0.24864,30.73211,0.48897,31.60892,0.39245,3
290.0,189731027.0,0.2433,3.03931,0.10725,0.16551,2.63383,0.14252,8.80402,0.67064,0
291.0,4696551150.0,0.26815,-0.9649,0.29453,0.37227,20.36905,0.23282,19.57095,0.52664,2
292.0,4262847974.0,0.03596,1.86686,0.10364,0.16067,14.62722,0.17223,15.49375,0.13024,3
293.0,3065929287.0,0.21911,0.50015,0.22092,0.07478,-107.00636,1.50072,-116.01435,0.32851,0
294.0,2201295279.0,0.19415,0.37646,0.03611,0.12688,16.57542,3.21917,19.18549,0.52248,3
279.0,26865716.0,0.10606,2.00508,0.18476,0.20078,7.07012,0.00386,10.85565,0.18969,3
295.0,5343962659.0,0.04956,4.57256,0.172,0.07291,-179.99903,0.67444,-369.10385,0.16389,3
280.0,851553553.0,0.07707,5.36959,0.35277,0.11388,3.91537,0.07222,9.31407,0.44099,3
312.0,26975129148.0,0.17684,1.68413,0.26782,0.12289,11.42634,0.01168,14.20152,0.19058,3
296.0,5701041870.0,0.50352,1.75646,0.86694,0.24649,14.53118,5.2748,16.63454,0.82091,1
313.0,269027501.0,0.06888,0.614,0.17558,0.24176,5.33608,0.05011,6.59865,0.26201,3
314.0,2641027094.0,0.11996,0.9453,0.1843,0.13427,32.22579,0.76395,33.68836,0.22756,3
297.0,779502730.0,0.0839,1.551,0.08294,0.0324,38.44321,0.2213,42.8149,0.17424,3
298.0,8965602822.0,0.16303,4.32227,0.04899,0.09386,27.74403,2.46245,30.49006,0.65058,0
315.0,980575828.0,0.07241,-3.69107,0.05545,0.08243,30.27526,0.17046,27.94745,0.66375,3
299.0,37806729979.0,0.21036,2.58553,0.13275,0.08194,67.60299,0.86399,72.00665,0.38944,3
316.0,3934851830.0,0.14564,1.65884,0.10916,0.11483,3.92136,0.4348,2.91704,0.61155,3
300.0,914742988.0,0.06977,-4.01363,0.07979,0.13064,9.01811,0.51629,6.05963,0.26318,3
301.0,1533115320.0,0.12945,2.7744,0.09049,0.1539,8.34575,0.14548,12.00889,0.47802,3
302.0,1679404734.0,0.09795,5.39601,0.04145,0.09929,19.0677,0.40896,24.02748,0.30922,3
317.0,3298430761.0,0.15915,2.89923,0.11798,0.09107,17.40928,0.06894,24.18721,0.40861,3
318.0,12522008950.0,0.22625,0.19054,0.20744,0.26876,43.3547,0.37209,43.72952,0.41211,1
319.0,9331148043.0,0.0522,3.94149,0.1076,0.06662,22.78912,0.34392,32.47579,0.31379,3
320.0,59745896.0,0.18305,-2.85279,0.15538,0.22655,4.34942,0.57203,2.67281,0.69359,2
303.0,34448872980.0,0.22384,2.02872,0.42181,0.15671,21.13406,0.39967,23.90118,0.44347,3
304.0,18249603654.0,0.23139,0.13365,0.14169,0.12793,18.48039,0.18653,18.11461,0.56525,0
305.0,404099910562.0,0.13696,2.50529,2.52506,0.37666,14.70898,0.47732,16.69638,0.33495,0
306.0,148386452116.0,0.19561,2.68909,0.31606,0.09559,26.46215,0.07066,30.01823,0.37598,3
307.0,16302850393.0,0.08262,2.32145,0.09912,0.07479,18.0448,0.26531,20.63107,0.16821,3
308.0,12858267894.0,0.204,-1.72998,0.17085,0.20681,23.92801,1.10754,24.96897,0.36925,1
321.0,1043291043.0,0.08782,3.50585,0.3183,0.20706,34.17483,0.63993,59.63594,0.19849,0
322.0,47126235284.0,0.2132,1.88323,0.23917,0.15704,47.33351,0.02137,49.86773,0.30399,0
309.0,24278946251.0,0.18778,1.40298,0.23284,0.20986,33.25621,0.19817,35.5214,0.3386,0
310.0,260343400.0,0.15076,-1.51492,0.1217,0.3396,3.23018,0.35748,2.57846,0.29881,3
311.0,7497574179.0,0.04868,4.55614,0.16679,0.03391,41.48497,0.23885,56.33937,0.13837,3
323.0,2134231834.0,0.09863,2.91577,0.16349,0.12423,20.48632,0.5564,24.51279,0.30746,3
324.0,948769304.0,0.0612,1.50421,0.2867,0.16038,10.51374,0.3265,15.22266,0.21031,0
325.0,2504071277.0,0.08307,2.47892,0.11038,0.15725,15.34636,0.38265,19.0669,0.36635,3
326.0,16932488902.0,0.213,2.11976,0.12843,0.14537,27.08319,0.27866,29.45075,0.44288,3
337.0,34091861010.0,0.28921,0.50835,0.53536,0.4675,43.41796,0.61166,43.81623,0.60716,1
327.0,5703978452.0,0.10072,-0.0225,0.30602,0.23734,35.65313,1.71877,35.44516,0.23599,3
338.0,78685638000.0,0.26942,1.7219,1.01857,0.39375,28.88187,0.13998,31.29078,0.4389,0
328.0,39721018761.0,0.17437,0.72551,0.20926,0.25979,5.95034,0.11222,6.47801,0.22947,0
339.0,40070800000.0,0.13291,1.51575,0.24509,0.10356,19.06785,1.33489,20.92203,0.38517,3
340.0,21438372000.0,0.17568,1.34367,0.07966,0.07475,20.54354,1.5227,22.16998,0.41258,3
329.0,1323528120.0,0.03603,1.05855,0.10275,0.04585,10.18019,0.31186,15.53134,0.23514,3
341.0,9251080591.0,0.1274,0.99376,0.16948,0.26927,8.03221,0.18575,8.8283,0.2307,3
342.0,2910434837.0,0.08858,-1.3183,0.12401,0.14398,17.25996,0.28818,15.7574,0.30886,3
330.0,130549664.0,0.19971,1.04359,0.14944,0.10986,22.14244,1.79926,23.80448,0.56907,0
343.0,1195054636.0,0.45714,1.16082,0.09661,0.15073,7.42107,0.36123,8.54661,0.87934,3
344.0,4751895465.0,0.05411,3.24699,0.17171,0.21809,8.37979,0.09168,9.92441,0.19882,3
331.0,2710655034.0,0.0337,-1.29106,1.95776,0.25703,-32.6798,0.39201,-31.86989,0.15986,3
345.0,5822805768.0,0.13273,1.45078,0.34891,0.25646,21.33449,0.91853,23.39755,0.33945,0
332.0,4005386514.0,0.18152,0.08507,0.15282,0.17859,49.72025,1.22055,53.01257,0.63894,2
346.0,90679694171.0,0.37843,4.74032,0.08906,0.11395,26.42794,0.82381,32.43636,0.63552,0
347.0,2065607268.0,0.48719,1.01272,0.27366,0.19531,5.92877,2.15932,7.37382,0.71136,1
348.0,10303588374.0,0.13597,1.12016,0.211,0.18327,11.32268,0.07822,14.27253,0.17011,3
333.0,180555697640.0,0.2366,0.6486,0.16072,0.1528,39.54574,2.20322,40.13689,0.79619,1
334.0,34726395000.0,0.14136,5.51501,0.20166,0.13608,17.7705,0.40701,23.73537,0.35175,3
335.0,649513851.0,0.29906,-2.41308,0.22326,0.19927,37.76233,0.83935,34.82317,0.77136,2
336.0,12469500000.0,0.16625,0.62947,0.17535,0.16509,32.69656,0.24343,33.74265,0.34465,3
349.0,11907920304.0,0.17673,5.61405,0.09594,0.03418,18.82076,0.19461,32.55551,0.38333,3
350.0,3207244812.0,0.05992,1.17396,0.07425,0.05472,29.46239,0.5923,30.56178,0.29033,3
351.0,18167541112.0,0.06758,1.70678,0.14223,0.06425,42.40834,0.29806,44.91525,0.17043,3
357.0,19857794979.0,0.06038,2.28064,0.09531,0.0842,20.99792,0.33504,24.01129,0.21143,3
352.0,303663011.0,0.06077,-0.26239,0.15521,0.22862,-6.20816,0.27179,-6.47919,0.3068,3
353.0,6983056579.0,0.25404,-3.07641,0.08804,0.0879,11.46758,0.16567,9.40479,0.66067,0
358.0,7062305437.0,0.1694,5.16542,0.11105,0.09309,6.61636,0.962,9.60614,0.89375,0
359.0,212651267.0,0.06518,0.76106,0.17477,0.1958,17.4623,0.26785,5.37305,0.18366,0
354.0,368366314716.0,0.2499,0.70518,0.2093,0.24652,19.63858,0.08404,20.22421,0.69051,3
355.0,12255431674.0,0.03605,2.1436,0.07062,0.05096,29.84115,0.30545,41.21735,0.53183,3
356.0,11614604120.0,0.06587,1.20899,0.05665,0.02749,28.87479,0.17465,30.83929,0.58598,3
369.0,4647742160.0,0.16732,1.37574,0.13325,0.17468,33.73248,0.56546,35.58591,0.44125,0
360.0,5706889000.0,0.11201,4.09515,0.15418,0.0445,21.77473,0.50985,32.1755,0.21208,3
361.0,7766676180.0,0.0732,3.98513,0.214,0.15564,18.12588,0.36632,23.95452,0.14245,0
370.0,42755419016.0,0.22914,4.60894,0.09123,0.02238,40.66715,0.35575,55.22796,0.55691,0
371.0,118203617.0,0.06947,-0.86725,0.34649,0.15627,19.26648,0.66984,17.56243,0.25537,3
372.0,26401150596.0,0.18389,0.44007,0.17533,0.11511,29.04618,0.1196,29.20046,0.63462,3
373.0,1103968800.0,0.05326,0.35276,0.32902,0.39526,13.79104,0.02246,14.80692,0.2752,0
374.0,230788267.0,0.33605,1.99527,0.04572,0.21082,4.68499,70.9493,2.15453,0.50143,3
362.0,45223942211.0,0.15134,2.08416,1.80679,0.35471,15.7605,0.06724,17.83682,0.3603,0
363.0,7364420000.0,0.13448,2.07737,0.09256,0.09009,21.25624,0.24646,24.0227,0.31998,3
364.0,135703612717.0,0.04324,-69.54673,0.12452,0.02549,17.44632,5.06172,13.41428,0.17404,3
365.0,82350544923.0,0.37598,0.52997,0.83332,0.26881,26.33433,1.01041,26.78404,0.59748,1
366.0,97621345.0,0.08196,3.14934,1.66572,0.09105,22.30539,0.31272,86.80686,0.25123,3
375.0,5012911220.0,0.12933,1.42624,0.70209,0.47312,10.70302,0.05023,11.63883,0.44041,3
376.0,757449802.0,0.08866,4.96237,0.14176,0.08155,33.38761,0.27811,76.68937,0.20462,3
367.0,3930444367.0,0.10835,-0.34108,0.10525,0.11195,13.75285,0.37598,13.59363,0.88436,0
377.0,1845111327.0,0.40967,3.60919,0.18223,0.04886,-6.16007,0.14248,-15.10285,0.73029,0
378.0,36976568259.0,0.20302,3.54515,0.02827,0.0638,12.35747,0.05053,18.5964,0.34596,3
368.0,42034552752.0,0.02806,3.67555,0.22339,0.0958,12.29782,0.20392,16.90332,0.22434,3
379.0,46199420103.0,0.09959,5.8752,0.06332,0.05004,25.84148,2.17647,32.79149,0.26166,3
380.0,1755060898.0,0.07428,-1.97049,0.12168,0.05461,21.92566,0.16506,17.93378,0.43339,3
381.0,90286686450.0,0.28999,-0.23969,0.47886,0.41567,18.93744,0.9245,18.413,0.47467,1
382.0,4951225300.0,0.11367,-0.63311,0.16863,0.24778,29.20237,0.38422,28.78331,0.23147,3
383.0,6374096921.0,0.05087,-1.66833,0.20449,0.2259,22.91702,0.19718,21.24725,0.13229,0
399.0,5522516981.0,0.3169,-0.63469,0.36247,0.32583,12.95181,3.41538,12.46309,0.64779,2
384.0,6702640507.0,0.18038,-1.22473,0.20372,0.06937,50.70757,0.2283,50.03561,0.68896,3
400.0,2828356155.0,0.23264,0.1925,0.27289,0.25689,15.19655,0.32952,16.67917,0.26685,1
401.0,6202135005.0,0.12473,2.30301,0.41175,0.19345,7.43021,0.32131,10.623,0.33627,0
385.0,2900926789.0,0.05422,4.43686,0.09232,0.16874,8.10061,0.56169,10.65792,0.23079,3
403.0,608789437.0,0.35303,0.05286,0.1131,0.18312,65.14128,0.05556,65.14852,0.50172,0
404.0,21121126824.0,0.0732,3.85925,0.14835,0.201,17.08234,0.62592,20.03394,0.14418,3
402.0,2332492339.0,0.23287,-2.49736,0.1248,0.12826,69.22583,0.88381,66.35683,0.68336,0
386.0,45772567931.0,0.1553,-0.24288,0.15383,0.10752,12.07512,0.57573,11.84904,0.17249,3
387.0,22214321175.0,0.18561,0.92522,0.9996,0.47444,32.13737,0.45038,33.87474,0.32447,3
388.0,6343672837.0,0.07943,3.41543,0.08275,0.13874,10.06577,0.04818,12.66385,0.59088,3
389.0,2378624446.0,0.10046,6.56161,0.0988,0.1408,-10.04318,0.34937,-16.51885,0.24334,3
405.0,2835262135.0,0.11124,0.20214,0.18106,0.36306,7.97732,1.21049,9.07909,0.27224,3
406.0,375449350.0,0.10614,-0.60437,0.18808,0.1895,27.24462,0.82759,25.91788,0.26505,3
390.0,11497885877.0,0.17128,1.2389,0.36031,0.33318,22.43471,0.34617,23.9395,0.36471,3
391.0,211442678406.0,0.25593,2.02023,0.16351,0.1197,43.11328,0.19371,46.41951,0.47755,3
392.0,1354725602.0,0.12619,-0.73546,0.13778,0.10661,20.50868,0.5213,19.42248,0.31471,3
393.0,773996315.0,0.0714,-5.69636,0.11569,0.27224,15873.80644,0.64574,12.84001,0.53934,0
394.0,5901428862.0,0.13048,0.82772,0.07573,0.11732,21.29722,0.5675,22.33312,0.36641,3
395.0,126401429680.0,0.12051,1.88198,0.92708,0.25832,19.64501,0.12741,21.87755,0.12093,3
396.0,11812594409.0,0.15046,-2.02651,0.33127,0.39252,12.33761,0.55071,10.83816,0.42827,1
397.0,7842801990.0,0.3944,-0.06157,0.96035,0.59274,16.83844,0.00395,16.59495,0.44164,3
398.0,604822645.0,0.07678,1.88406,0.12222,0.12782,15.47882,0.21738,17.6836,0.28464,3
717.0,35515837018.0,0.23018,-0.70024,0.40493,0.54785,13.14382,1.68418,11.73144,0.58536,2
407.0,26695010522.0,0.07456,2.84458,0.15532,0.09179,16.80967,0.18344,23.14972,0.11791,3
408.0,9070227526.0,0.10097,-1.38232,0.06824,0.06196,64.18223,0.78809,63.90517,0.53973,3
409.0,2287626571.0,0.06957,3.62153,0.02382,0.09115,14.4699,3.30378,16.0234,0.60511,3
426.0,5364115032.0,0.40599,0.22277,0.19325,0.20983,9.63705,0.36085,10.57182,0.52908,2
410.0,16535521036.0,0.25349,-0.82746,0.78821,0.88689,61.44437,0.64339,60.46728,0.54653,1
427.0,60624850.0,0.38588,-1.45103,0.04535,0.0307,11.083,10.55938,15.67573,1.00067,3
428.0,16216020683.0,0.29477,2.7783,0.12868,0.11076,8.7952,0.29574,11.1218,0.39962,3
429.0,51036565578.0,0.05528,2.90569,0.17599,0.13227,10.55839,0.28331,15.30443,0.10718,3
430.0,1377282941.0,0.15869,-0.27049,0.04395,0.61099,-15.12462,0.10417,-14.67053,0.3169,0
431.0,35613491814.0,0.41934,1.46148,0.21628,0.3653,68.88785,0.33005,76.829,0.28737,0
432.0,11283059586.0,0.02758,6.37723,0.03139,0.23066,11.07886,0.61281,13.82466,0.12797,3
433.0,7208120092.0,0.42891,2.53116,0.18157,0.03544,20.47806,2.22039,32.19743,0.45104,0
434.0,5072515562.0,0.1405,0.82871,0.16068,0.11022,11.36691,0.68152,11.93811,0.22963,3
435.0,6168639000.0,0.12628,2.38093,0.23705,0.14082,9.18498,0.24457,11.76941,0.50222,0
436.0,4802726609.0,0.09064,2.49261,0.16141,0.10832,12.80892,0.79952,15.70792,0.23634,3
437.0,343934588.0,0.04412,5.25214,0.05128,0.17187,5.53387,0.05354,7.83115,0.12895,3
411.0,1217429604.0,0.16071,4.08758,0.1454,0.06841,26.15075,0.26377,7.28506,0.38483,3
438.0,220989026.0,0.56318,1.46582,0.14565,0.18354,2.02595,3.36339,3.59146,1.02232,3
439.0,9789461051.0,0.19741,-1.60685,0.41485,0.36,18.19849,1.46634,17.31789,0.29688,1
440.0,109011691905.0,0.17083,3.59784,0.0816,0.06228,21.73407,0.05632,25.06654,0.65166,3
412.0,97162026161.0,0.15528,-1.20202,0.35907,1.06356,15.73364,7.80883,16.23341,0.46416,1
441.0,244211025168.0,0.22413,1.66241,0.27262,0.18117,16.49508,0.34363,18.06042,0.75818,1
442.0,64306674307.0,0.21221,2.29712,0.14738,0.13755,10.57517,0.67599,12.45717,0.62656,0
413.0,6102436916.0,0.11596,1.56115,0.09157,0.0805,35.29022,0.32274,37.11049,0.46535,3
443.0,6449014057.0,0.14996,0.50266,0.16152,0.03202,-24.84026,0.68826,-26.59209,0.25042,3
444.0,1416465270981.0,0.39941,-0.67432,0.33756,0.24586,27.45466,1.2994,26.83379,0.81426,2
445.0,24797520.0,0.2552,-0.89287,0.06958,0.07015,39.2821,1.79481,36.226,0.76393,3
414.0,114561969.0,0.12598,0.58919,0.19969,0.10265,10.25368,0.02307,12.08937,0.31204,3
415.0,11096787727.0,0.0963,2.38048,0.23414,0.02785,8.87863,0.26212,30.57534,0.42749,3
416.0,1015119806.0,0.22764,1.60299,0.11924,0.03124,23.97297,0.78046,30.09097,0.40258,3
417.0,3106218839405.0,0.4449,-0.29455,0.31458,0.26795,42.74506,0.98412,42.52831,0.69349,2
418.0,7333621230.0,0.17895,2.59824,0.10922,0.14378,11.23853,0.3022,14.05989,0.37939,3
446.0,7140944319.0,0.11214,1.17301,0.18861,0.16414,71.53747,0.31547,74.87292,0.2378,3
447.0,5538708810.0,0.03305,2.04857,0.11167,1.90349,26.73576,0.18151,28.6426,0.22583,3
448.0,1523901154.0,0.22096,-0.28408,0.16903,0.2408,17.61052,1.1022,16.91245,0.56019,2
449.0,85406597003.0,0.17001,2.97543,0.13682,0.11943,23.20598,0.44831,27.97446,0.38771,3
450.0,52253481278.0,0.26759,-0.442,0.27777,0.3478,34.4252,0.65933,32.21887,0.5377,2
419.0,84942936000.0,0.41923,1.50605,0.49238,0.27005,36.74658,0.46151,38.50923,0.72897,1
451.0,6980035560.0,0.10878,2.34089,0.09693,0.08409,26.90443,0.22102,30.45943,0.281,3
452.0,81464606701.0,0.24512,1.75804,1.1648,0.31563,35.09243,0.3992,37.4296,0.50854,1
420.0,419988127.0,0.06106,-2.5554,0.07135,0.03734,17.58731,0.00949,13.3403,0.54423,3
421.0,48566772664.0,0.42166,4.54431,0.31126,0.1273,10.09482,0.30904,14.55009,0.45819,0
422.0,6605643998.0,0.22332,1.11599,0.24963,0.14687,22.40481,0.23265,23.88927,0.4791,0
423.0,4507514525.0,0.10597,1.32904,0.18454,0.14917,14.57175,0.13008,16.24007,0.41162,3
424.0,10313498777.0,0.22232,-1.34906,0.27654,0.2814,16.40017,0.49736,15.30175,0.29382,1
453.0,3802982215.0,0.16011,1.15356,0.15551,0.123,23.43932,0.3004,24.86221,0.34427,0
425.0,4741367601.0,0.33783,1.70048,0.13508,0.06608,5.38449,0.27705,7.39192,0.45275,3
454.0,10616602606.0,0.03717,2.96267,0.61438,0.1206,25.35775,0.43222,30.03137,0.1116,3
455.0,406504549.0,0.08573,5.06768,0.05603,0.10362,8.68463,0.63426,17.26945,0.31834,3
456.0,1327963262.0,0.28313,-1.68632,0.28288,0.30549,30.1299,0.67407,27.83076,0.54386,2
471.0,6221455718.0,0.09321,0.92048,0.16467,0.07235,8.07229,0.03057,9.85989,0.22617,3
472.0,442053833.0,0.25885,1.34454,0.78214,0.45085,17.92509,0.10331,19.54468,0.60892,3
457.0,295054837.0,0.04775,-3.74517,0.10441,0.10749,23.53955,0.29473,18.67522,0.71434,0
473.0,25024444596.0,0.21342,-0.45568,1.16792,0.17464,17.88067,0.24676,17.29087,0.71115,2
458.0,372452803890.0,0.2565,0.70091,0.34246,0.26745,52.65036,0.87319,53.10297,0.45251,0
474.0,12061544507.0,0.26231,-2.08737,0.14193,0.17589,27.02312,1.80107,25.15191,0.9852,1
459.0,5130452382.0,0.20128,1.79856,0.31671,0.25816,10.98257,0.30429,13.80424,0.30836,3
460.0,5072707302.0,0.21367,5.87813,0.26506,0.08002,6.16999,1.05855,13.31435,0.57821,3
461.0,110014719848.0,0.11829,0.30873,0.38016,0.27835,15.51302,0.08715,15.54594,0.44837,0
462.0,14287377835.0,0.25524,2.13053,0.16571,0.11883,25.11583,0.18197,27.68831,0.55067,0
475.0,58756702618.0,0.38753,3.4395,0.17526,0.0302,48.39064,0.07392,61.87259,0.36542,3
476.0,132681803.0,0.04285,-4.47513,0.07195,0.05467,28.70799,0.73631,26.1406,0.45895,3
463.0,71539326829.0,0.07046,3.93456,0.16104,0.0794,29.35464,0.17947,34.15265,0.16872,3
464.0,19577190864.0,0.08269,4.36167,0.55442,0.08204,12.30752,1.70142,17.92423,0.20852,3
465.0,33972732687.0,0.11531,0.5753,0.11715,0.10072,19.96605,0.36228,21.22192,0.15524,3
466.0,1446487160.0,0.05336,5.01037,0.03933,0.02644,23.71295,0.84667,28.52806,0.5088,3
467.0,364485108.0,0.62498,-1.32433,0.24856,0.22586,24.77707,0.03949,23.23833,0.81682,1
718.0,12445239246.0,0.18263,3.41782,0.17541,0.1105,21.47456,0.39693,25.0387,0.40867,0
468.0,3606155300000.0,0.61867,-0.41624,1.24023,0.65666,77.38813,10.64793,76.53749,0.75977,1
469.0,27437407884.0,0.18093,-0.8795,0.38269,2.39302,23.38345,0.41863,21.54131,0.25,1
470.0,55891353598.0,0.28387,1.91714,0.27833,0.18148,21.66543,0.43488,24.44451,0.57083,1
477.0,47386323621.0,0.22352,4.03635,0.106,0.12797,9.91438,0.21853,15.95677,0.54635,0
478.0,2776118063.0,0.08294,0.13365,0.19303,0.18521,23.14469,0.36605,26.75201,0.17261,3
479.0,19126926740.0,0.14868,1.48797,0.29158,0.18636,12.82472,0.07142,16.22486,0.19058,3
480.0,28379399243.0,0.28268,0.27493,0.20404,0.12252,28.59454,0.27508,29.03871,0.45798,3
481.0,66077073844.0,0.22049,5.63177,0.1506,0.06447,24.26915,0.76046,34.44159,0.24562,0
482.0,8042879129.0,0.18347,-4.94816,0.09622,0.11092,28.17444,2.44903,33.59936,0.52096,3
483.0,7593541397.0,0.1869,5.13678,0.11326,0.15626,11.31111,0.82096,19.11309,0.72739,3
486.0,3713354613.0,0.06686,1.96834,0.14645,0.15567,12.93394,1.07597,15.22151,0.20764,3
484.0,523435855200.0,0.31038,4.40663,1.66795,0.09154,46.12388,0.44359,53.00767,0.71311,3
487.0,3345819080.0,0.29372,1.85495,0.18648,0.02742,36.36954,0.47837,44.40152,0.44068,0
488.0,11610471094.0,0.28302,2.36473,0.19153,0.09186,7.16779,0.24212,11.11878,0.56774,3
489.0,16649878863.0,0.16272,3.21151,0.18227,0.10351,12.81201,0.61763,16.70515,0.29409,0
485.0,1186092914.0,0.09785,2.29235,0.04783,0.121,10.05971,0.39035,13.07378,0.62945,3
490.0,57872295151.0,0.15529,1.14648,0.25206,0.07524,20.82906,0.29367,23.00875,0.207,0
512.0,21401415728.0,0.13666,1.61502,0.18133,0.14736,35.66501,0.24659,39.54708,0.21081,3
491.0,291841399.0,0.14723,-8.33631,0.06287,0.07476,39.0362,0.21759,29.03799,0.28095,3
492.0,88786205866.0,0.19482,2.52151,0.22415,0.11933,28.82551,0.47068,32.05726,0.35945,0
493.0,10026454985.0,0.07311,1.76354,0.03259,0.11941,18.25225,0.76894,20.00571,0.21563,3
494.0,50623255634.0,0.4114,-0.28937,0.44149,0.26752,31.76147,0.32913,31.34697,0.7178,2
513.0,10858355471.0,0.19549,-1.60237,0.20058,0.2496,32.5317,1.86424,31.12685,0.6856,2
514.0,176709634.0,0.02106,-8.65579,0.28294,0.69974,7.63393,0.69363,7.39446,0.53374,1
515.0,7362821955.0,0.11627,-1.17208,0.25953,0.1619,22.51101,0.49998,22.42171,0.74405,1
516.0,10630985814.0,0.0437,6.28704,0.1826,0.0535,16.49295,0.33721,29.47654,0.16467,3
495.0,17307963801.0,0.18945,1.8181,0.19152,0.15044,23.85486,0.3921,25.88352,0.38767,3
517.0,9100091875.0,0.06743,-3.70835,0.03128,0.02603,68.40936,1.15795,67.3878,0.62836,3
496.0,215018119998.0,0.14405,2.79156,0.47728,0.19459,14.42059,0.3567,16.8881,0.54678,3
497.0,1734911825.0,0.24671,-4.48233,0.14252,0.2265,11.34241,0.09595,6.77982,0.82247,3
498.0,142241449879.0,0.15676,6.12852,0.04592,0.04346,17.2612,0.39598,24.33644,0.67552,0
499.0,961960690.0,0.06854,5.35728,0.06733,0.14029,23.59357,0.37272,33.93995,0.31417,3
500.0,1516689062.0,0.26437,-2.54371,0.13233,0.10834,9.23141,0.52763,7.98891,0.36537,0
501.0,12380195015.0,0.08159,0.88114,0.23354,0.26355,8.28979,0.65048,9.35539,0.11536,0
502.0,20065280680.0,0.03296,-21.33667,0.07457,0.05307,21.32746,2.21188,18.81814,0.78939,0
503.0,3686621057.0,0.25573,-1.38748,0.12266,0.32601,8.6745,0.87297,10.10887,0.30208,3
518.0,1155984408.0,0.16696,5.35123,0.13246,0.18738,23.80323,0.38165,37.75007,0.45967,0
519.0,13803120198.0,0.11938,1.30914,0.31306,0.31731,24.57319,0.59475,26.54062,0.29642,0
520.0,3745000591.0,0.16118,-2.44741,0.29058,0.38569,20.28998,1.12532,18.31816,0.25862,1
504.0,28090560000.0,0.13034,2.53128,0.1864,0.07446,22.20245,0.19577,26.72806,0.42468,3
521.0,3540631715.0,0.22747,2.81665,0.21274,0.19163,1.03615,0.09249,3.44775,0.43724,0
505.0,651086412.0,0.07024,-0.30585,0.07862,0.12794,15.05118,0.23282,14.93967,0.31856,3
522.0,2143221669.0,0.09505,-0.08957,0.05928,0.07546,11.87428,0.10775,10.45543,0.65956,3
523.0,4073973737.0,0.29295,3.07395,0.11892,0.12376,16.14553,0.19203,19.96926,0.55207,3
524.0,2700124581.0,0.04378,0.15461,0.11251,0.0367,67.70943,0.55909,70.18738,0.17183,3
525.0,332164500.0,0.43361,0.01557,0.28949,0.09859,-23.27557,1.36128,-22.81677,0.78501,1
526.0,4370096514.0,0.0501,1.79109,0.12119,0.23197,14.70488,0.90632,18.098,0.10996,3
527.0,692950438.0,0.14241,6.39108,0.55718,0.19013,14.80408,1.06495,31.04778,0.37216,0
506.0,147354671.0,0.1471,0.67804,0.1687,0.24318,24.24186,1.05691,24.11152,0.28247,0
507.0,402146925644.0,0.23738,1.20485,0.27459,0.23037,25.40271,0.22132,26.89059,0.51412,1
508.0,2822721595.0,0.19555,4.0847,0.19413,0.1678,12.95237,0.67441,15.39545,0.82163,1
528.0,1164045160.0,0.05749,-3.60054,0.1317,0.10348,8.03578,3.68372,5.90308,0.21675,3
529.0,907117913.0,0.05916,-3.36946,0.03528,0.07882,18.34746,0.06951,15.78404,0.45034,3
509.0,22736830972.0,0.23184,3.39015,0.09799,0.13041,30.92312,0.75521,33.31175,0.79813,0
530.0,58565088327.0,0.49199,4.01104,0.18554,0.13418,21.77971,0.82054,28.59101,0.73049,3
510.0,26355111080.0,0.21261,0.20372,0.24913,0.20645,21.11774,0.65156,20.71317,0.30751,1
511.0,134500254.0,0.13302,-0.57564,0.32693,0.22323,3.76946,0.42927,3.53833,0.69288,1
531.0,16351825511.0,0.04899,-10.46222,0.09393,0.24449,24.43041,0.92712,22.64254,0.71665,3
532.0,2906706522.0,0.11826,2.39397,0.08481,0.14754,15.50473,0.42181,18.21377,0.37633,3
533.0,182992810000.0,0.25849,0.13246,0.38601,0.26554,16.45846,1.12796,16.50416,0.56215,2
534.0,5175719435.0,0.30231,-2.15531,0.3788,0.41671,24.07654,0.8612,22.33151,0.8152,2
537.0,1412364372.0,0.08462,0.28128,0.12515,0.11983,10.96156,0.17564,16.06074,0.24842,3
538.0,48826963394.0,0.05148,3.32814,0.11435,0.18665,26.81875,0.93659,29.41031,0.14146,3
535.0,17987902570.0,0.13125,4.52316,0.12151,0.1035,17.5467,0.27198,23.7352,0.32729,3
536.0,1611023640.0,0.56522,-0.89358,0.41661,0.18616,3.31048,12.60065,0.90235,0.73486,2
539.0,12763072642.0,0.12889,-0.63106,0.27998,0.23623,13.90403,0.0116,14.57965,0.67524,3
555.0,656616188.0,0.07012,1.37125,0.10329,0.11642,9.6543,1.72745,11.44561,0.23134,3
540.0,5572829601.0,0.30408,-2.74835,0.16955,0.1612,27.84418,1.53511,25.60206,0.80163,2
541.0,8286573278.0,0.27803,1.8815,0.12449,0.08257,25.76174,0.12459,30.90518,0.48842,3
542.0,4480466415.0,0.20064,6.12044,0.08512,0.15147,25.17328,0.24662,33.11513,0.28451,0
543.0,10129832694.0,0.26932,2.36156,0.06968,0.11326,18.69797,1.18736,22.25331,0.43605,3
556.0,2954271272.0,0.30814,5.65987,0.68292,0.09773,29.0573,0.00463,63.39795,0.63765,0
557.0,485466150.0,0.09414,-5.37226,0.0553,0.17589,40.5109,1.30798,37.45057,0.80389,3
558.0,81823744783.0,0.29541,-3.98558,0.15872,0.10407,24.16011,1.13252,22.53336,0.86119,1
559.0,16724785184.0,0.09564,0.70922,0.14163,0.16448,16.64752,0.27343,17.10542,0.30202,3
544.0,66046909833.0,0.20391,3.98673,0.17549,0.11276,34.76628,0.53999,41.33928,0.41224,0
545.0,3838896860.0,0.08851,2.55789,0.04949,0.12444,9.23789,0.49103,12.90799,0.27857,3
546.0,34955003038.0,0.30836,0.16939,0.21422,0.29345,26.01622,0.79796,26.3009,0.57778,2
560.0,14440365787.0,0.27188,6.89086,0.3588,0.05357,18.49227,0.57133,23.34805,0.37164,0
547.0,772076330.0,0.09288,-4.6859,0.12589,0.13301,13.94792,0.5418,9.33808,0.13132,3
561.0,5793724034.0,0.15602,2.88844,0.17869,0.09798,13.74883,0.22807,17.68712,0.27317,0
548.0,31401118455.0,0.14409,3.03479,0.27205,0.07531,49.5549,0.17645,54.9903,0.38641,3
549.0,155859251.0,0.08258,3.9301,0.05827,0.22954,2.33217,0.70521,4.5878,0.39091,3
550.0,58757285582.0,0.28557,4.18988,0.07972,0.13325,26.94,0.30277,30.71551,0.69679,0
551.0,46201246307.0,0.12063,0.46941,0.40389,0.1512,28.41908,0.32857,29.15078,0.27833,3
552.0,1255438530.0,0.08702,-1.89091,0.11092,0.116,8.84526,0.15145,7.27867,0.19126,3
553.0,17372188536.0,0.12533,2.34393,0.23194,0.1439,21.57639,0.3368,24.40204,0.4145,3
554.0,158337710587.0,0.10104,4.4416,0.07506,0.06142,21.67067,0.76266,26.84106,0.1921,3
562.0,6689762554.0,0.21305,6.34748,0.48275,0.08899,34.24184,0.80843,51.60113,0.30989,0
563.0,155866793000.0,0.36864,1.91251,0.09252,0.13478,30.57012,1.11664,33.01468,0.68701,0
564.0,309199080000.0,0.19059,-0.18047,0.09772,0.16107,27.33662,1.333,26.86303,0.7635,1
565.0,274582478765.0,0.17287,0.78651,0.13085,0.09416,42.8126,0.3245,43.9866,0.7146,0
566.0,60863850244.0,0.19122,1.22926,0.19703,0.21369,11.92209,0.07236,13.68606,0.20267,0
594.0,5917652309.0,0.0669,4.6752,0.18092,0.08989,16.56564,0.14053,21.93067,0.11566,3
595.0,5074467964.0,0.15171,5.06326,0.51349,0.20587,8.62711,0.1039,15.77613,0.30074,0
596.0,1449306355.0,0.04583,0.39987,0.07182,0.11656,17.05983,0.00776,17.11707,0.13734,3
597.0,336717654.0,0.33684,-2.48355,0.28669,0.27711,-6.86877,0.99852,-6.94148,0.89705,2
567.0,3238482013.0,0.10303,3.84703,0.08212,0.13051,22.63653,0.23599,27.03139,0.31861,3
598.0,137184727.0,0.28907,-1.88912,0.17201,0.11719,65.08852,0.51328,55.00894,0.60899,3
568.0,12429412651.0,0.21768,5.14018,0.31066,0.06401,21.29789,0.31813,29.00218,0.25845,0
599.0,210552600000.0,0.12041,-3.02063,0.14381,0.10963,62.57867,2.15748,61.85208,0.79243,3
600.0,94067204189.0,0.16393,3.13641,0.61536,0.11553,45.84979,0.26601,51.6083,0.48455,0
569.0,914938311.0,0.08149,2.74597,0.1224,0.1045,9.16546,0.24038,11.93173,0.36018,3
570.0,4166669920.0,0.08036,1.16175,0.2238,0.16329,7.4508,0.09279,8.49657,0.39489,3
571.0,5797881549.0,0.10095,5.89113,0.14399,0.1355,9.36586,0.32072,14.93139,0.1714,3
601.0,252337631.0,0.12227,-3.96721,0.06108,0.11952,9.55829,0.09262,14.14483,0.35596,3
602.0,3808418102.0,0.16602,1.19878,0.08064,0.12945,18.18133,1.69921,19.52945,0.38425,3
603.0,7542733702.0,0.19388,0.29312,0.17318,0.11406,79.75162,0.89446,81.55057,0.4596,0
572.0,554255622.0,0.08757,-3.3037,0.05456,0.0484,61.80261,1.32547,59.88453,0.61633,3
604.0,6247888946.0,0.04356,4.48441,0.08639,0.09652,27.1745,0.85172,30.99955,0.34482,3
573.0,9150412678.0,0.09969,-0.96538,0.1277,0.08489,23.17387,0.73391,25.86811,0.53115,0
574.0,5668571036.0,0.07947,-2.93298,0.10071,0.14268,31.22888,0.74034,28.51698,0.24362,3
575.0,4431623151.0,0.11339,4.91084,0.10517,0.07863,9.18729,0.20057,13.02754,0.19763,3
576.0,13362969430.0,0.18844,-0.72196,0.09406,0.2161,8.05998,0.23882,7.83103,0.41187,3
577.0,5021824147.0,0.3874,1.0248,0.20414,0.08337,10.11031,0.64895,11.99215,0.77124,3
605.0,1848478771.0,0.19146,-0.15101,0.29279,0.22092,21.62573,0.23949,3.57916,0.38209,1
578.0,18626475785.0,0.22506,-0.10737,0.18937,0.15987,16.49022,0.27342,16.34194,0.50143,2
579.0,4833389626.0,0.09228,5.18753,0.11586,0.04131,14.95684,0.23778,24.61182,0.21198,3
580.0,82012499928.0,0.46745,0.78502,0.33683,0.15249,31.81867,0.57618,33.64833,0.48398,3
606.0,14342751211.0,0.06299,-0.64589,0.2613,0.13984,40.88143,0.351,44.35862,0.37754,0
581.0,6669457869.0,0.14224,-2.36455,0.09615,0.13028,50.09531,1.30778,49.25897,0.66629,3
582.0,18056246050.0,0.22898,4.93105,0.1026,0.12687,17.46302,0.28107,23.94091,0.49081,3
583.0,690971253.0,0.06641,2.16137,0.05529,0.04639,15.52334,0.29748,20.31906,0.28617,3
607.0,2461766173.0,0.15611,0.20643,0.11011,0.07709,33.66993,0.09024,34.86682,0.39562,3
608.0,417670400.0,0.0407,2.47863,0.15267,0.13436,5.13213,0.17032,7.17903,0.25764,3
584.0,21350838099.0,0.12424,-2.14736,0.11047,0.09786,51.2362,0.7182,54.13596,0.17271,3
585.0,20925953324.0,0.1799,2.41838,0.06577,0.06841,30.7919,0.80353,34.06337,0.43014,3
609.0,5926707872.0,0.09974,0.03073,0.2224,0.31012,15.30311,1.24829,14.57114,0.162,3
586.0,3070284251.0,0.10762,-0.4464,0.1982,0.26729,13.73251,0.25611,13.94058,0.41269,3
610.0,2330656984.0,0.14228,-1.28864,0.07367,0.11821,15.3677,0.26561,15.5547,0.47377,3
587.0,167037477.0,0.03098,-1.27619,0.06981,0.11711,8.75858,0.15913,9.14553,0.12129,3
611.0,4431617616.0,0.13909,-0.19122,0.19779,0.18585,20.51298,1.14329,21.11329,0.38208,3
588.0,148170946650.0,0.19892,2.47083,0.17817,0.11761,46.19398,0.53164,49.64119,0.63571,3
589.0,642752743.0,0.09578,-2.21738,0.14535,0.05401,37.33005,0.0784,29.08761,0.24573,3
612.0,5755115318.0,0.12841,4.31904,0.03314,0.08797,45.66443,0.51875,46.23175,0.32311,3
613.0,1051995011.0,0.07239,2.31274,0.12446,0.06328,11.59262,0.21222,15.41747,0.16726,3
590.0,261949933.0,0.04181,3.25774,0.06753,0.12672,6.40273,0.67315,8.42097,0.39165,3
591.0,1961940770.0,0.11164,-5.53982,0.05929,0.16493,11.25017,0.72008,9.21073,0.89043,3
614.0,31452013.0,0.11545,-0.57717,1.23758,0.33609,-2.31697,0.17635,-1.02551,0.25717,0
592.0,82032811571.0,0.23777,-0.89191,0.19307,0.10823,81.84807,0.78875,81.06579,0.7989,3
593.0,36547221840.0,0.04023,3.62492,0.86834,0.22895,17.08955,0.33856,22.7071,0.18459,0
615.0,19469386.0,0.16277,-3.69712,0.14962,0.23934,8.58465,0.0446,5.99067,0.69748,3
616.0,378434094.0,0.08418,-2.88303,0.07429,0.18026,9.4473,0.47329,8.28858,0.73084,3
640.0,12961448415.0,0.17086,0.00571,0.27083,0.1352,10.76329,0.11017,12.18075,0.73913,3
617.0,71865247896.0,0.05697,2.48655,0.31097,0.13972,13.70187,0.38161,16.55474,0.28425,3
641.0,839021037.0,0.39932,0.10849,0.21395,0.32224,6.66352,0.16594,6.68849,0.82007,1
618.0,139685873.0,0.22613,-2.5931,0.18206,0.13138,27.3566,1.03514,21.18843,0.4745,3
619.0,43961875591.0,0.18826,0.96681,0.25573,0.1403,16.15288,0.23273,16.86568,0.34434,0
642.0,3535456269.0,0.24896,-0.00058,0.24665,0.27516,42.03379,1.19717,42.01076,0.42173,1
620.0,21661690847.0,0.18301,2.18564,0.09832,0.07613,23.58624,0.79943,25.7284,0.43185,3
643.0,8966891723.0,0.17841,2.99201,0.05298,0.06455,20.17951,0.17901,23.54678,0.55991,3
621.0,9304320775.0,0.12159,4.78639,0.67952,0.20319,17.84083,0.58343,23.35567,0.44334,0
622.0,14583124950.0,0.13644,3.06567,0.38712,0.44964,6.31911,0.12215,11.56237,0.82614,0
644.0,1609094246.0,0.10337,0.89863,0.16669,0.14967,11.48561,0.12504,12.42483,0.42925,3
623.0,16742158294.0,0.19144,-1.29294,0.1768,0.17173,35.51059,0.26675,35.87232,0.57758,2
624.0,3433520000.0,0.12152,0.54942,0.27156,0.07671,17.61874,0.05723,18.93745,0.22763,3
625.0,10904552528.0,0.10115,1.70916,0.17457,0.10986,30.71251,0.62792,33.1928,0.17104,3
626.0,32635467881.0,0.73933,-1.24838,0.38592,0.45957,77.10757,4.66935,74.90445,0.88751,1
645.0,12917178040.0,0.09079,-0.40863,0.29487,0.18991,37.9813,0.95699,39.86616,0.33766,3
627.0,3825162400.0,0.07678,-1.41303,0.0792,0.15341,22.29564,0.59982,21.02808,0.43952,0
646.0,838565827.0,0.28114,0.11325,0.30578,0.70518,17.11741,0.0975,17.45292,0.39494,3
647.0,359597800.0,0.0711,-2.69484,0.10664,0.12174,6.28553,0.42627,8.94119,0.30234,3
628.0,194738534917.0,0.17479,3.87092,0.12495,0.12875,25.05071,0.68973,28.71475,0.40767,3
648.0,1036491819.0,0.1443,1.79676,0.08959,0.15977,14.44349,0.11379,16.3947,0.42754,3
629.0,2651729437.0,0.21157,1.34037,0.16287,0.15562,13.44478,1.70426,15.24171,0.56981,1
630.0,5153616699.0,0.13436,3.00883,0.11612,0.04377,20.13117,0.23282,27.94232,0.31519,3
631.0,134848477348.0,0.10965,1.21516,0.61205,0.22388,30.44174,0.37687,31.87754,0.3027,0
632.0,15321491280.0,0.18871,1.03317,0.20742,0.07936,18.90754,0.54497,20.61924,0.27927,0
633.0,2331968945.0,0.12401,-1.7269,0.10775,0.12053,18.40878,0.23648,17.18484,0.33874,3
649.0,10328846256.0,0.16473,1.44121,0.29251,0.28384,15.5557,1.01262,16.66278,0.3062,3
634.0,8293323529.0,0.11554,1.71578,0.24403,0.13538,22.44353,0.37938,24.46859,0.34066,3
650.0,29151021423.0,0.10044,1.10887,0.48617,0.17618,54.96162,0.74798,64.10721,0.36291,3
651.0,92941606135.0,0.17434,0.98861,0.32411,0.28187,32.8936,0.56879,33.79508,0.35285,3
635.0,959208613.0,0.08252,-0.93216,0.06672,0.07887,55.11699,0.62407,56.5731,0.32826,3
652.0,18913096000.0,0.17051,6.51823,0.07058,0.0948,38.87791,0.57406,48.67925,0.58408,0
653.0,3902705502.0,0.13114,0.55314,0.14205,0.14888,10.35243,0.50774,11.2792,0.2315,3
636.0,17117025900.0,0.13015,5.73786,0.06918,0.06598,31.08075,0.18701,35.90834,0.6141,3
637.0,4414248732.0,0.06979,2.21037,2.03876,0.19217,19.49255,0.27657,22.85164,0.1965,0
654.0,1871280680.0,0.06946,-1.81746,0.0339,0.07091,30.48196,0.24299,27.17494,0.90959,0
638.0,29028525.0,0.02348,-4.80124,0.10771,0.12007,13.13266,0.33284,8.72268,0.17599,3
639.0,25665455453.0,0.13265,-2.05483,0.07227,0.13481,51.56771,0.9729,52.20171,0.4389,3
655.0,1368058672.0,0.1191,3.92651,0.08842,0.06427,18.55468,0.92784,23.04083,0.21414,3
666.0,145567685637.0,0.0639,4.12868,0.26616,0.1247,24.13352,1.93417,25.28863,0.39283,3
667.0,20801238695.0,0.26784,0.80288,6.22469,0.89706,29.91952,0.70239,30.55241,0.39067,3
656.0,7780651198.0,0.0923,-0.86638,0.18388,0.24689,14.2389,0.33034,13.12998,0.19457,3
657.0,2229325708.0,0.16033,2.64216,0.16471,0.11448,48.99924,1.93892,53.76378,0.28314,0
658.0,5231961889.0,0.17038,5.36445,0.1435,0.03242,11.42782,0.01195,26.74856,0.53201,3
668.0,16121246138.0,0.13907,-0.26292,0.51509,0.31405,12.68412,0.53131,12.06288,0.38694,3
659.0,121542858.0,0.07351,0.09176,0.06678,0.11261,8.81281,0.29829,8.98257,0.26107,3
669.0,3580997530.0,0.07563,-0.95369,0.06899,0.09257,26.66362,0.33104,25.74461,0.34917,3
660.0,113668825126.0,0.08843,2.51677,0.33558,0.07697,26.08804,0.21438,30.66137,0.1756,3
670.0,4048662689.0,0.37187,-2.26071,0.20845,0.23996,47.64727,1.05301,44.77533,0.57214,2
661.0,16103724448.0,0.46419,-2.2874,0.18121,0.1892,18.34987,0.86526,14.64436,0.88941,2
662.0,531004060718.0,0.08175,1.26932,0.13706,0.13311,40.67109,0.67056,44.481,0.22872,3
671.0,13552336930.0,0.09992,2.95376,0.15345,0.12997,14.17654,0.40411,19.49561,0.51937,0
663.0,412063654.0,0.11586,0.42071,0.10523,0.09567,21.41468,0.54239,25.29747,0.21617,3
672.0,1073007631.0,0.06115,4.56289,0.09443,0.08901,18.64338,1.24511,26.67388,0.4646,3
673.0,1995650146.0,0.08751,-3.65604,0.20866,0.06237,16.36929,1.45952,14.3288,0.76723,3
664.0,3470831846.0,0.07687,1.32601,0.13831,0.07458,14.43309,0.40488,16.55566,0.33961,3
665.0,15492752205.0,0.02974,4.4027,0.12245,0.13346,22.6429,0.48951,28.40596,0.17303,3
674.0,553988490.0,0.34913,-0.10287,0.18126,0.31772,14.00457,5.9696,13.8433,0.6431,2
675.0,6558083501.0,0.18811,5.02114,0.3179,0.07075,17.63316,0.08762,25.54435,0.42578,3
679.0,6804636827.0,0.12315,1.40144,0.18909,0.26426,16.56279,0.47779,18.53833,0.2988,0
680.0,1475666510.0,0.12309,-0.51426,0.10768,0.03031,35.32141,0.69619,35.5097,0.43531,3
676.0,33988287381.0,0.22746,-8.25238,0.11867,0.18772,33.96969,1.53346,29.26453,0.7335,1
677.0,176509629501.0,0.2064,5.25713,0.1003,0.06309,12.76143,0.01325,25.0558,0.59948,3
678.0,2405881334.0,0.08272,-0.3619,0.43619,0.1015,13.18957,0.34063,13.01435,0.13454,0
681.0,52687432274.0,0.22035,3.86161,0.22408,0.11354,26.65476,0.96869,34.79872,0.54977,3
682.0,17591051208.0,1.41956,4.499,0.12354,0.09334,2.41481,0.37828,6.59899,0.53721,0
683.0,5570918000.0,0.17856,3.49298,0.38806,0.14552,16.57916,0.04983,21.66434,0.47901,3
684.0,36714350615.0,0.18411,2.49863,0.10719,0.05923,45.76844,0.41243,49.90294,0.26148,3
696.0,696112551668.0,0.04246,1.85941,0.18421,0.07313,58.25143,0.29881,62.99659,0.24628,3
697.0,17055068290.0,0.14964,3.81515,1.41136,0.09205,35.16557,0.46881,43.08987,0.47571,3
685.0,3583340011.0,0.24671,-1.08385,0.1813,0.021,70.18111,0.13987,61.96775,0.28411,3
698.0,48386835188.0,0.19234,4.83898,0.11382,0.06733,39.10298,0.65563,45.67978,0.41776,3
699.0,87919121756.0,0.19825,3.78278,0.33128,0.12724,41.74996,0.41391,49.32194,0.39328,0
686.0,21529085143.0,0.10996,0.39205,0.24815,0.14022,30.07431,0.57454,33.12548,0.27697,0
687.0,6923337834.0,0.17271,-0.23603,0.16565,0.25616,23.32158,0.37725,22.94824,0.47138,1
688.0,3781888512.0,0.16315,0.49752,0.30211,0.36353,43.0545,0.46422,43.65413,0.53378,2
700.0,5980712311.0,0.17275,0.93674,0.39381,0.18452,9.16931,0.0723,10.53405,0.3511,0
689.0,1878587259.0,0.02494,-3.4726,0.06733,0.11938,15.54295,0.3538,13.58902,0.24549,3
701.0,3673288432.0,0.1761,5.8084,0.7458,0.09888,13.17098,0.29428,26.02146,0.64523,3
690.0,10021818890.0,0.0568,3.48675,0.12639,0.14623,12.89313,1.55546,18.86256,0.21656,3
691.0,22023636331.0,0.20234,-0.31902,0.18153,0.10207,69.18984,0.63758,67.73948,0.34873,0
702.0,14384995141.0,0.43276,4.45326,0.4525,0.1809,11.5009,0.32632,16.92634,0.95085,1
692.0,33710993059.0,0.15324,2.27858,0.10291,0.16206,21.54849,0.33037,23.35248,0.32265,0
693.0,148437884.0,0.08486,-6.16382,0.02239,0.07031,7.79509,0.19239,6.345,0.41226,3
694.0,7096547551.0,0.25701,0.0416,0.1594,0.06336,16.52355,0.50631,16.54351,0.61286,1
704.0,598470530.0,0.07244,0.99015,0.10231,0.17234,12.77997,0.34689,14.4497,0.35027,3
695.0,17338811296.0,0.18294,0.03599,0.48134,0.34488,13.85129,0.30456,13.67664,0.46164,1
703.0,6492449779.0,0.25143,6.15167,0.15585,0.09268,21.34814,1.27183,33.22107,0.5508,3
705.0,10192778591.0,0.13075,1.4482,0.17244,0.094,28.65803,0.12724,30.09175,0.26435,3
706.0,68873500000.0,0.04344,-11.7589,0.18469,0.17463,31.81565,1.34863,30.1861,0.75767,1
707.0,1175290983.0,0.14763,0.27332,0.23439,0.1016,50.08665,2.65244,50.81078,0.41202,3
708.0,29695131048.0,0.11978,0.99604,0.07851,0.07915,35.76731,0.62346,37.23712,0.3693,3
709.0,2358906010.0,0.08807,-3.23747,0.15961,0.07223,9.33661,0.37288,7.71168,0.9138,3
710.0,3224215355.0,0.14476,-0.7653,0.26121,0.25127,22.97368,1.08812,22.02317,0.58347,1
711.0,18008418886.0,0.10633,-1.86062,0.13288,0.02862,28.64663,0.32428,28.74097,0.21962,3
713.0,79206529331.0,0.36451,1.45683,0.46427,0.29909,34.6384,0.50758,36.3463,0.70061,1
714.0,23930611466.0,0.16205,-10.06846,0.10268,0.19841,13.8636,6.97197,9.56549,0.75895,1
712.0,249032162.0,0.0457,2.33759,0.13485,0.19255,16.32701,3.22832,18.45731,0.79491,0
